lookback_bars,z_entry,z_exit,confirm_bars,stop_multiple,momentum_threshold,min_hold_bars,skip_first_minutes,profit_factor,win_rate,sharpe,sortino,calmar,net_pnl,max_dd_pct,max_dd_dollars,total_trades,avg_winner,avg_loser,expectancy,avg_hold_bars,best_day,worst_day
30,1.5,0.3,3,3.0,0.65,3,30,0.9506624789400329,0.4942084942084942,-0.9788859854404163,-1.2964439743057568,-0.3578756789378456,-5930.000000000102,0.15857218048710464,16570.0,1036,223.16894531249983,-229.37500000000003,-5.723938223938319,12.85135135135135,3385.0,-3470.0
30,1.5,0.5,3,2.0,0.65,5,30,0.909261820382055,0.47884615384615387,-0.8123268743252806,-1.1027357094225896,-0.6709811441355102,-10497.500000000058,0.1517090909090909,15645.0,1040,211.22991967871502,-213.45018450184529,-10.093750000000059,11.424038461538462,3385.0,-2480.0
30,1.5,0.5,3,2.0,0.75,3,0,0.9419781164377423,0.4811046511627907,-0.33238576120318375,-0.45357550469676156,-0.7623529411764788,-8100.000000000087,0.10159200650188842,10625.0,1376,198.64425981873134,-195.52170868347372,-5.886627906976807,10.571220930232558,2090.0,-2020.0
30,1.5,0.3,3,3.0,0.65,5,30,0.9330317258159554,0.48643410852713176,-0.9379884656791171,-1.2514916162616638,-0.5283443311337793,-8807.500000000102,0.16062825207169013,16670.0,1032,244.4422310756971,-248.1462264150944,-8.5343992248063,14.00968992248062,3385.0,-3470.0
30,1.5,0.3,2,4.0,0.75,3,30,1.0062683550699476,0.4977360931435964,-0.04920801357591301,-0.0723706411223831,0.16204081632655343,4962.5000000006985,0.28061575113391674,30625.0,6184,258.8166016894088,-254.88570508692837,0.802474126778895,14.701164294954722,7250.0,-4660.0
30,1.5,0.5,2,3.0,0.65,3,30,0.9667480445704925,0.498134328358209,-1.130241619689819,-1.4112013206708007,-0.5690161527165856,-19374.999999999738,0.32784517619872905,34050.0,5896,191.79349676540699,-196.91534302129102,-3.286126187245547,10.084972862957937,4120.0,-8120.0
30,1.5,0.3,2,4.0,0.65,3,0,0.9715778615756642,0.5001747030048916,-0.7474405629406551,-0.9731136485957249,-0.6117338768379469,-21009.999999999287,0.3165583667450113,34345.0,5724,250.85661893119115,-258.3755679832225,-3.6705101327741625,15.071977638015374,4440.0,-8165.0
30,1.5,0.3,2,2.0,0.65,5,30,0.9651608464915149,0.49472430224642616,-1.1380104957272008,-1.5504234035669469,-0.591737376547514,-21270.000000000393,0.3344965568583659,35945.0,5876,202.70037839697284,-205.63152576625137,-3.6198093941457423,9.719366916269571,4930.0,-5825.0
30,1.5,0.5,3,2.0,0.65,5,0,0.9145353099291356,0.47710622710622713,-0.7724977040319059,-1.0352194647942858,-0.6277295842058058,-10492.500000000044,0.1602819197391763,16715.0,1092,215.5038387715933,-215.00875656742585,-9.608516483516526,11.231684981684982,3385.0,-2480.0
30,1.5,0.3,3,3.0,0.65,5,0,0.9215297801206414,0.4824074074074074,-0.8246963142827264,-1.0954004685212921,-0.6066739606126954,-11090.000000000073,0.1722497055359246,18280.0,1080,249.97600767754312,-252.82200357781758,-10.268518518518585,13.901851851851852,3385.0,-3470.0
30,1.5,0.3,3,4.0,0.65,3,30,0.9689398569220254,0.4823529411764706,-0.25574908091616705,-0.3515469257323732,-0.42166910688141407,-4320.000000000087,0.09884225759768452,10245.0,1020,273.91260162601634,-263.41856060606085,-4.235294117647137,16.54313725490196,3385.0,-4165.0
30,1.5,0.3,3,2.0,0.75,3,30,0.8807951622992974,0.47865853658536583,-0.8342299771780013,-1.0983811952856977,-1.0638957816377226,-17150.000000000087,0.15413300186451212,16120.0,1312,201.78343949044597,-210.33625730994177,-13.071646341463486,12.011432926829269,2090.0,-3010.0
30,1.5,0.3,3,4.0,0.65,5,30,0.9390193105516579,0.48137254901960785,-0.45330384686168634,-0.628679313842844,-0.6514773940904319,-9150.000000000116,0.1348989098592902,14045.0,1020,286.960285132383,-283.64366729678665,-8.970588235294233,17.645098039215686,3815.0,-4165.0
30,1.5,0.3,3,2.0,0.65,3,30,0.9081618268959677,0.4799618320610687,-1.1605165210405037,-1.5888945211263845,-0.6528056112224507,-9772.500000000087,0.14597045487787041,14970.0,1048,192.1222664015905,-195.24770642201855,-9.32490458015275,10.264312977099237,3385.0,-1865.0
30,1.5,0.3,3,4.0,0.75,3,30,0.9277906771491027,0.4834384858044164,-0.08672662787240293,-0.11463071890533208,-1.0866366979975552,-13295.000000000087,0.11626360051313726,12235.0,1268,278.66639477977174,-281.09541984732846,-10.485015772870735,18.2807570977918,2625.0,-5215.0
30,1.5,0.5,3,2.0,0.65,3,0,0.9472351203039252,0.48097826086956524,-0.7430171186509174,-1.0409448268999242,-0.47150041911148854,-5625.000000000058,0.11632782409438838,11930.0,1104,190.16949152542395,-186.04712041884846,-5.095108695652222,9.601449275362318,3385.0,-1825.0
30,1.5,0.3,3,3.0,0.75,3,30,0.9268044730599794,0.4953416149068323,-0.49518866242600695,-0.6535225728060079,-0.7666989351403716,-11880.000000000058,0.14417306350314027,15495.0,1288,235.77586206896547,-249.70000000000005,-9.223602484472098,14.826086956521738,1980.0,-3470.0
30,1.5,0.5,3,2.0,0.75,5,30,0.8886176232821332,0.47762345679012347,-0.4165728039229512,-0.5430870619024419,-1.2640366972477193,-17222.500000000175,0.13018967082318092,13625.0,1296,221.97495961227793,-228.3973412112263,-13.288966049382848,13.241512345679013,2340.0,-3395.0
30,1.5,0.5,3,2.0,0.65,3,30,0.9540648555673592,0.4838403041825095,-0.6850266177291483,-0.9752081750666531,-0.4026607538802712,-4540.000000000058,0.10994100726439472,11275.0,1052,185.25540275049136,-182.01657458563565,-4.315589353612229,9.752851711026617,3385.0,-1825.0
30,1.5,0.3,3,4.0,0.65,3,0,0.9454515491100853,0.4812734082397004,-0.33579394747925556,-0.4502386672164401,-0.7271528998242557,-8275.00000000003,0.1095864028118831,11380.0,1068,279.03696498054484,-273.82671480144427,-7.748127340824002,16.53370786516854,3385.0,-4165.0
30,1.5,0.5,3,2.0,0.75,5,0,0.9243162055335961,0.4771386430678466,-0.31883864659327454,-0.42439540160014055,-1.025932276039448,-11967.50000000016,0.11195892120165082,11665.0,1356,225.9003091190109,-223.02538787024005,-8.825589970501595,12.224188790560472,2340.0,-2540.0
30,1.5,0.3,3,3.0,0.75,3,0,0.902567690477856,0.49255952380952384,-0.6589389176969683,-0.8125211237973048,-1.0771967821782196,-17407.50000000003,0.15348815120862422,16160.0,1344,243.58761329305136,-261.96847507331387,-12.952008928571454,13.930059523809524,1980.0,-6425.0
30,1.5,0.3,3,3.0,0.75,5,30,0.9128116156373095,0.4898753894080997,-0.5485894064021503,-0.7125373649936075,-1.0191156914893675,-15327.500000000087,0.14232989495599507,15040.0,1284,255.11923688394273,-268.39312977099246,-11.937305295950225,15.976635514018692,2340.0,-3605.0
30,1.5,0.3,3,2.0,0.65,5,30,0.9033984760385393,0.4826923076923077,-0.9875240124917406,-1.3306346611374544,-0.6692844677137905,-11505.000000000058,0.16650523053080202,17190.0,1040,214.32768924302798,-221.37081784386638,-11.062500000000062,11.754807692307692,3385.0,-2395.0
30,1.5,0.3,3,2.0,0.65,5,0,0.9098196789453887,0.4807692307692308,-0.9060234904008108,-1.206890587802547,-0.6329535982217315,-11390.000000000058,0.1722256783270326,17995.0,1092,218.88095238095252,-222.7557319223988,-10.430402930402977,11.56868131868132,3385.0,-2395.0
30,1.5,0.3,3,4.0,0.75,5,0,0.8834064243565307,0.48338368580060426,-0.5296179853440054,-0.6677134958019239,-1.3650537634408673,-25390.00000000013,0.17674727989737254,18600.0,1324,300.5859375000001,-318.3698830409359,-19.176737160120943,18.516616314199396,3815.0,-5335.0
30,1.5,0.3,3,3.0,0.75,5,0,0.8915186097782386,0.4873134328358209,-0.7401400756186481,-0.9170951669638379,-1.1878727634194863,-20912.50000000006,0.16733995532531723,17605.0,1340,263.18912710566616,-280.604075691412,-15.606343283582138,15.041791044776119,2340.0,-5915.0
30,1.5,0.5,2,2.0,0.65,5,30,0.9734522258506618,0.49544226873733965,-0.7969836974619174,-1.1080425983816198,-0.5349471530855913,-15690.000000000393,0.27429159263069297,29330.0,5924,196.0204429301533,-197.7283372365341,-2.648548278190478,9.318872383524646,4475.0,-5825.0
30,1.5,0.3,3,4.0,0.75,3,0,0.8974622393444626,0.4818731117824773,-0.4513210515353335,-0.5643647686837644,-1.3681462140992204,-20960.00000000006,0.1455789423670832,15320.0,1324,287.543103448276,-297.97740524781364,-15.830815709969826,17.406344410876134,2625.0,-5845.0
30,1.5,0.3,3,2.0,0.75,3,0,0.9193949545708336,0.478134110787172,-0.6985277966757609,-0.9406309252301026,-0.8282336578581403,-11910.000000000058,0.13749581679973227,14380.0,1372,207.08460365853676,-206.36522346368739,-8.680758017492758,11.059766763848396,2090.0,-2020.0
30,1.5,0.3,3,2.0,0.65,3,0,0.9140962876775479,0.4781818181818182,-1.083743719892791,-1.477813780380979,-0.6650237933378693,-9782.500000000058,0.14333041021143916,14710.0,1100,197.89923954372637,-198.39285714285734,-8.893181818181864,10.128181818181819,3385.0,-1865.0
30,1.5,0.3,3,2.0,0.75,5,30,0.8830656567243916,0.4807098765432099,-0.6265060634824389,-0.8115753596973662,-1.1863839285714397,-18602.500000000175,0.14982561750513593,15680.0,1296,225.49357945425362,-236.38187221396757,-14.35378086419766,13.543981481481481,2340.0,-3395.0
30,1.5,0.3,3,4.0,0.75,5,30,0.9115346956422216,0.48501577287066244,-0.14050961078753757,-0.18596732577306924,-1.0383582089552335,-17392.50000000016,0.1584673604541154,16750.0,1268,291.3983739837399,-301.07580398162355,-13.716482649842401,19.42744479495268,3815.0,-5215.0
30,1.5,0.3,3,3.0,0.65,3,0,0.9369698374973428,0.48985239852398527,-0.8305994941107936,-1.1007169493344655,-0.46401137980085677,-8155.000000000058,0.16483001172332942,17575.0,1084,228.30037664783418,-233.96473779385175,-7.523062730627363,12.780442804428045,3385.0,-3470.0
30,1.5,0.3,3,4.0,0.65,5,0,0.9178285329908881,0.4803370786516854,-0.5603917900434376,-0.7507288345531541,-0.8529038400507831,-13437.500000000087,0.151323056235893,15755.0,1068,292.5779727095518,-294.64864864864893,-12.581928838951388,17.60112359550562,3815.0,-4165.0
30,1.5,0.5,2,3.0,0.75,3,30,0.9756030480604924,0.4974896633195511,-0.9186979399070861,-1.1966029646140155,-0.4950885548444596,-16632.49999999962,0.3166501720156464,33595.0,6772,197.42134164440503,-200.33646782250963,-2.4560691080920884,9.592587123449498,3930.0,-8120.0
30,1.5,0.3,3,2.0,0.75,5,0,0.9186435990412382,0.48008849557522126,-0.49952988819792166,-0.6606078133135448,-0.9900897531787703,-13237.50000000016,0.12832325559074767,13370.0,1356,229.60445468509988,-230.794326241135,-9.762168141593035,12.530973451327434,2340.0,-2540.0
30,1.5,0.5,3,2.0,0.75,3,30,0.9128162511542007,0.4825227963525836,-0.35888001743832193,-0.481900843313786,-1.0303360977739067,-11802.500000000102,0.10952813500980065,11455.0,1316,194.60236220472459,-198.7885462555069,-8.968465045592781,11.540273556231003,2090.0,-3160.0
30,1.5,0.5,3,3.0,0.65,3,30,0.9775232866849656,0.4942528735632184,-0.49036312224199147,-0.6568588685086958,-0.21391862955032617,-2497.500000000058,0.11231361231361231,11675.0,1044,210.499031007752,-210.44507575757592,-2.392241379310395,11.647509578544062,3385.0,-3470.0
30,1.5,0.3,2,3.0,0.65,5,30,0.9688246697624089,0.49785714285714283,-0.7583048309707332,-1.042818437841707,-0.6370336250575843,-20745.000000000233,0.31661076272422345,32565.0,5600,231.23565279770432,-236.63940256045515,-3.7044642857143266,12.387857142857143,5130.0,-6640.0
30,1.5,0.5,3,3.0,0.65,3,0,0.9515815034225782,0.4899267399267399,-0.5767314210379593,-0.7613845445360053,-0.4269102990033244,-5782.500000000029,0.12912297426120115,13545.0,1092,212.42056074766367,-214.41202872531437,-5.295329670329702,11.553113553113553,3385.0,-3470.0
30,1.5,0.5,2,3.0,0.65,5,0,0.9804502413872865,0.4951923076923077,-0.5762146757568122,-0.7786123483151408,-0.4966824644549818,-13100.000000000146,0.25771936681649404,26375.0,6032,219.9481084700368,-220.0607553366174,-2.171750663129998,10.872181697612731,6105.0,-7725.0
30,1.5,0.5,2,3.0,0.75,3,0,0.9742243051066585,0.49581239530988275,-0.7835535885602434,-1.023878768372986,-0.549289711579842,-19139.999999999593,0.3200606227610912,34845.0,7164,203.66554054054072,-205.58139534883728,-2.67169179229475,9.34073143495254,6460.0,-8120.0
30,1.5,0.3,2,4.0,0.75,3,0,1.0092854363153567,0.49755501222493886,0.20830850923223918,0.31405444273624883,0.32744702320891456,8112.500000000859,0.20669086055145372,24775.0,6544,270.8207923832924,-265.7177615571774,1.2396852078240919,14.508863080684597,9315.0,-5615.0
30,1.5,0.3,2,3.0,0.75,5,30,0.9895146890695852,0.4950093574547723,-0.25978623006570045,-0.38893792721356113,-0.2440938995215285,-8162.499999999913,0.30251492672335806,33440.0,6412,242.69297416509133,-240.41692402717723,-1.273003742981896,11.95134123518403,6805.0,-5100.0
30,1.5,0.5,2,3.0,0.65,5,30,0.9783269005871291,0.4956263121063681,-0.5420025377499473,-0.7704061661100254,-0.49471574344024066,-13575.000000000204,0.2672510348186024,27440.0,5716,216.29985880691842,-217.25719736385713,-2.374912526242163,11.100594821553534,6105.0,-6640.0
30,1.5,0.5,2,4.0,0.65,3,30,0.9930912997851191,0.5014005602240896,-0.5646671181855591,-0.7140336331872262,-0.11498475187134712,-4147.499999999491,0.3336879596651094,36070.0,5712,208.16428072625715,-210.7900280898876,-0.7261029411763817,11.788690476190476,4340.0,-8730.0
30,1.5,0.5,2,2.0,0.75,5,30,0.9819443638263289,0.4939988290398126,-0.6761021204957542,-0.9588710353291243,-0.3846807852836655,-12442.50000000016,0.29363170078525713,32345.0,6832,200.49703703703707,-199.34046861440567,-1.821209016393466,8.864314988290397,4680.0,-5825.0
30,1.5,0.3,2,2.0,0.65,5,0,0.9688585797013103,0.4953255963894262,-1.1572066076715954,-1.5176028422519325,-0.5278997675019458,-20435.00000000032,0.35914088231201,38710.0,6204,206.8874064432151,-209.58160332162257,-3.293842682140607,9.526273372018053,4930.0,-6925.0
30,1.5,0.3,2,3.0,0.65,3,30,0.9577290287849524,0.4996513249651325,-1.0183459249976519,-1.3179598981850649,-0.8467332699016726,-26697.499999999738,0.30496179514459815,31530.0,5736,211.05460572226104,-220.0627177700348,-4.654375871687542,11.709902370990237,4035.0,-6090.0
30,1.5,0.5,3,3.0,0.65,5,30,0.9344890547563153,0.4806949806949807,-0.5816661451839815,-0.7855841071496273,-0.5993024963289291,-8162.500000000015,0.13054104567019695,13620.0,1036,233.8052208835343,-231.5938661710039,-7.878861003861023,13.000965250965251,3385.0,-3470.0
30,1.5,0.5,2,4.0,0.65,5,30,1.0046869155965596,0.49873188405797103,-0.015117924141216198,-0.022411896125493578,0.08647211040828982,3007.50000000032,0.3273873958676519,34780.0,5520,234.1763530693789,-231.90458980845673,0.5448369565217952,12.901630434782609,8355.0,-7780.0
30,1.5,0.3,2,2.0,0.75,5,30,0.9747251859887861,0.4933549911399882,-0.9253972068798463,-1.2891961402489946,-0.48622180197217657,-17997.500000000116,0.33569128916700675,37015.0,6772,207.74468721939542,-207.54080443019535,-2.657634376845852,9.247341996455996,5350.0,-5825.0
30,1.5,0.3,2,2.0,0.65,3,30,0.9879707206005299,0.49652547981469225,-0.3234452968300485,-0.4628972862870279,-0.28727697536108937,-6762.500000000044,0.225080078405125,23540.0,6044,185.0741419526825,-184.74203089056863,-1.1188782263401793,8.20549305095963,3890.0,-4055.0
30,1.5,0.3,2,2.0,0.75,3,30,0.996559450119622,0.49641628440366975,-0.10485182070877583,-0.1533265341415795,-0.09488898198575374,-2264.999999999942,0.21738536496516553,23870.0,6976,189.44845509673706,-187.39681184173082,-0.32468463302751543,7.774369266055046,4030.0,-4055.0
30,1.5,0.5,2,4.0,0.65,5,0,1.0049361461012079,0.49845784784098696,0.011630839340440624,0.01669218405295679,0.10236517023200811,3397.5000000003492,0.31367545600604857,33190.0,5836,237.7750085940186,-235.1520327980867,0.5821624400274741,12.60229609321453,8355.0,-7780.0
30,1.5,0.3,2,4.0,0.65,5,30,0.98112297695898,0.49791192103265,-0.3960729865725748,-0.553866873103285,-0.35130355037337113,-13407.499999999709,0.3568656786198513,38165.0,5268,265.6681280975981,-268.52741020793934,-2.5450835231586395,16.07630979498861,5380.0,-8165.0
30,1.5,0.3,2,3.0,0.65,5,0,0.9696896850862797,0.49762872628726285,-0.806682998660869,-1.0588785688723092,-0.7210343112879198,-21750.000000000102,0.29239567682838175,30165.0,5904,236.83713410483315,-241.93442346594736,-3.683943089430912,12.217140921409214,4830.0,-8090.0
30,1.5,0.5,2,4.0,0.75,5,0,1.014489257444403,0.496273106738223,0.0817965943370843,0.13153434573226963,0.32611646531832483,12012.500000000495,0.31402387041773233,36835.0,6708,252.65094623009915,-245.3573542468185,1.7907722122839145,12.14922480620155,12390.0,-8340.0
30,1.5,0.3,2,4.0,0.65,3,30,0.9707634832323211,0.5,-0.7909954958734721,-1.038827455925264,-0.5094267515923419,-19994.999999999418,0.3628547656466673,39250.0,5420,244.98523985239856,-252.36346863468617,-3.6891143911438053,15.268265682656827,4255.0,-8165.0
30,1.5,0.5,2,3.0,0.65,3,0,0.9726810903430554,0.4974259974259974,-0.9048303614633698,-1.124549564556033,-0.5484496124030919,-16979.999999999724,0.30005815080441944,30960.0,6216,195.52635834411396,-198.958866837388,-2.731660231660187,9.856338481338481,4120.0,-8120.0
30,1.5,0.3,2,4.0,0.65,5,0,0.9808881939926004,0.4983859397417504,-0.5290859069384916,-0.7199960371691072,-0.43994038748135983,-14759.999999999622,0.31276218886920854,33550.0,5576,272.59355883411297,-276.11637468716464,-2.647058823529342,15.855810616929698,5380.0,-8165.0
30,1.5,0.5,2,4.0,0.75,3,0,1.0007775772636418,0.49827188940092165,-0.27232902094428646,-0.3764664325667966,0.016422608457662476,600.0000000006985,0.3133630671584184,36535.0,6944,223.1871387283239,-221.4774684270953,0.08640552995401823,10.928139400921658,10645.0,-8730.0
30,1.5,0.5,3,3.0,0.65,5,0,0.9208129073458425,0.477859778597786,-0.6267573207508014,-0.8297688383196726,-0.6857514638906952,-10539.999999999985,0.14580467675378267,15370.0,1084,236.6071428571431,-235.16342756183766,-9.723247232472314,12.879151291512915,3385.0,-3470.0
30,1.5,0.3,2,2.0,0.65,3,0,0.9936477437895724,0.49717691342534504,-0.047189985936135485,-0.06607925989946242,-0.1788295640009299,-3834.999999999942,0.1979690745441957,21445.0,6376,189.2389589905364,-188.31019962570187,-0.6014742785445327,8.050188205771644,3890.0,-6125.0
30,1.5,0.5,2,2.0,0.75,3,0,0.9961432384997714,0.4954545454545455,-0.14974116831640646,-0.21301455220447751,-0.10832642916321338,-2614.999999999971,0.21765395365611756,24140.0,7480,182.2490555855371,-179.6581875993642,-0.3495989304812801,7.010160427807486,6205.0,-5195.0
30,1.5,0.3,2,3.0,0.65,3,0,0.9578013727619018,0.4995033112582781,-0.9479968358664753,-1.196640315135679,-0.8745995423340845,-28664.99999999962,0.3160102203152871,32775.0,6040,215.65213788531662,-224.70641746609326,-4.745860927152254,11.550662251655629,4035.0,-8225.0
30,1.5,0.5,2,4.0,0.75,5,30,1.0132232665813203,0.49699367088607593,-0.03613244638525034,-0.05670969012406879,0.2836107554417546,9967.500000000466,0.32741755170486303,35145.0,6320,243.1558420885069,-237.11387228688255,1.577136075949442,12.45237341772152,12390.0,-8340.0
30,1.5,0.5,2,2.0,0.65,3,30,0.9861732792763233,0.4952521283562541,-0.5730521592142992,-0.8060910481816151,-0.3185057223062018,-7375.000000000102,0.2228585178055823,23155.0,6108,173.8884297520662,-173.00924424262092,-1.2074328749181558,7.664047151277014,3975.0,-5185.0
30,1.5,0.3,2,4.0,0.75,5,0,1.0102670634456066,0.49639724310776945,0.25447991871540576,0.40086808701468957,0.30406386066765445,9427.500000000626,0.25182748538011696,31005.0,6384,292.72798990217734,-285.6073094867805,1.476738721804608,15.383771929824562,9825.0,-5330.0
30,1.5,0.5,2,4.0,0.75,3,30,0.9968627005618046,0.5,-0.5880096165420347,-0.7626289933647679,-0.055043586550418834,-2209.999999999316,0.3675561862040555,40150.0,6556,214.22132397803557,-214.89551555826725,-0.3370957901158189,11.23993288590604,6045.0,-8730.0
30,1.5,0.5,2,4.0,0.65,3,0,0.9949402741692617,0.5008294625082946,-0.40622105557841376,-0.5143369774313372,-0.09641688968181612,-3242.499999999476,0.31308476469766794,33630.0,6028,211.19658827426315,-212.97607178464605,-0.5379064366289814,11.488221632382217,4340.0,-8730.0
30,1.5,0.3,2,3.0,0.75,3,30,0.9841957339343668,0.4964960390006094,-0.34479671057803163,-0.48023812606781985,-0.37878294825901415,-11639.999999999505,0.2719108082997832,30730.0,6564,222.4209880331391,-222.8472012102874,-1.7733089579523935,11.19134673979281,4390.0,-4835.0
30,1.5,0.5,2,2.0,0.75,3,30,0.9879855634914608,0.4960384833050368,-0.5635636266475794,-0.7914604417595366,-0.27572922399559713,-7515.0,0.2567593028732925,27255.0,7068,176.26426126640058,-175.60289163391366,-1.063242784380305,7.2314657611771365,3675.0,-5185.0
30,1.5,0.5,2,2.0,0.65,5,0,0.9804692293381145,0.49600127959053103,-0.7549004662485275,-1.0119224778403435,-0.4189877717391433,-12335.000000000378,0.27641894746725504,29440.0,6252,199.68800386971944,-200.43398920977478,-1.9729686500320494,9.092610364683301,4475.0,-6560.0
30,1.5,0.3,2,2.0,0.75,5,0,0.9858740209002904,0.4938650306748466,-0.6353457251043068,-0.9710661013993881,-0.24315371024735077,-11010.000000000044,0.3731970658534575,45280.0,7172,216.9409937888199,-214.71487603305792,-1.5351366424986117,9.047267150027887,13725.0,-6925.0
30,1.5,0.3,2,3.0,0.75,5,0,0.9936628828918284,0.4948377581120944,-0.12058471704270718,-0.1906025304343898,-0.14743851066720506,-5424.999999999811,0.29869708162519787,36795.0,6780,253.54470938897168,-249.9467153284671,-0.8001474926253419,11.778171091445428,14675.0,-8090.0
30,1.5,0.5,2,3.0,0.75,5,0,0.9938723704968742,0.49323935558112775,-0.30504717288339805,-0.4836129358615788,-0.1477799372103449,-4942.499999999985,0.2895545647374573,33445.0,6952,233.78536016331293,-228.95046835083735,-0.7109464902186398,10.447784810126583,13715.0,-7725.0
30,1.5,0.3,2,2.0,0.75,3,0,1.0003771739889644,0.4967479674796748,0.10467100034865216,0.15084436669447537,0.00968088920760703,270.00000000016007,0.23402559261590097,27890.0,7380,195.34097108565206,-192.74367259019934,0.03658536585368041,7.59810298102981,6205.0,-6125.0
30,1.5,0.3,2,4.0,0.75,5,30,1.0099194179480135,0.4958471760797342,0.2065428387320053,0.32271426072762294,0.24676788935659935,8207.500000000495,0.30136365695646267,33260.0,6020,279.9413735343383,-272.62520593080706,1.363372093023338,15.58936877076412,7805.0,-4695.0
30,1.5,0.5,2,2.0,0.75,5,0,0.9977490526708355,0.49461028192371476,-0.32006449793290903,-0.5014392773189918,-0.045855379188715684,-1690.0000000001164,0.30592678675188845,36855.0,7236,209.30567197541217,-205.30352748154232,-0.2335544499723774,8.631149806522942,13725.0,-6560.0
30,1.5,0.5,2,2.0,0.65,3,0,0.9973913845424164,0.49549968963376784,-0.11051386194455347,-0.15623149146756685,-0.07869634340223038,-1485.0000000000873,0.17619870208693217,18870.0,6444,177.82101471969946,-175.1053521993234,-0.23044692737431366,7.4658597144630665,3975.0,-5195.0
30,1.5,0.5,2,3.0,0.75,5,30,0.9885061760644847,0.4939061547836685,-0.455115120238477,-0.6951100365605938,-0.27576102881328435,-8470.00000000003,0.2919815580588431,30715.0,6564,224.69077729796422,-221.82947019867552,-1.2903717245582005,10.68601462522852,9140.0,-4995.0
30,1.5,0.3,2,3.0,0.75,3,0,0.9787478211243937,0.49624927870744373,-0.3736086471412837,-0.5129630958466954,-0.43504761904760353,-17129.99999999939,0.3282617757398916,39375.0,6932,229.33284883720944,-230.82331042382583,-2.47114829774948,11.005193306405078,6460.0,-8225.0
30,1.5,0.5,3,3.0,0.75,3,30,0.9375051542990974,0.4930769230769231,-0.23418670284953394,-0.3068584290950948,-0.8106546854942296,-9472.500000000073,0.10957940638627092,11685.0,1300,221.68486739469589,-230.0037936267073,-7.286538461538518,13.531538461538462,1980.0,-3470.0
30,1.5,0.5,3,3.0,0.75,5,0,0.8831697324644614,0.47997032640949555,-0.6747300825341059,-0.8286901483217762,-1.2759759759759777,-21245.00000000003,0.15826243999809894,16650.0,1348,248.22256568778997,-259.407988587732,-15.760385756676582,13.90207715133531,2340.0,-5915.0
30,1.5,0.5,3,3.0,0.75,3,0,0.9037708166321295,0.49041297935103245,-0.5745292954697715,-0.6969278207152205,-1.0761163734776764,-15905.000000000058,0.14052101159916333,14780.0,1356,224.6278195488723,-239.19319826338662,-11.729351032448418,12.61504424778761,1980.0,-6425.0
30,1.5,0.5,3,3.0,0.75,5,30,0.9041520161591977,0.48142414860681115,-0.3540809866670484,-0.45685289788850686,-1.24873294346979,-16015.000000000058,0.12136841109113278,12825.0,1292,242.8818327974278,-249.38432835820916,-12.395510835913356,14.83513931888545,2340.0,-4065.0
30,2.0,0.3,2,2.0,0.65,3,30,1.071599230784173,0.5,0.5653203685316323,0.824546078559397,0.6453081232493018,9215.00000000003,0.14161749392572023,14280.0,1240,222.4475806451614,-207.58467741935488,7.431451612903255,10.201612903225806,3325.0,-2020.0
30,2.0,0.3,3,2.0,0.65,3,0,1.053053329649073,0.4827586206896552,1.4449833021630327,4.433845988375973,2.1845493562231675,7634.999999999971,0.029874348234891872,3495.0,116,340.2678571428564,-301.5833333333331,8.27586206896532,432.9310344827586,10475.0,-3495.0
30,2.0,0.5,2,2.0,0.65,5,30,1.0894077006675977,0.4975806451612903,0.6508679868113277,0.96362857717755,0.9329688132847259,11517.499999999942,0.12203440094899169,12345.0,1240,227.4513776337115,-206.7736757624399,9.288306451612861,10.845967741935484,3355.0,-2565.0
30,2.0,0.5,2,3.0,0.65,5,0,1.1279745701691226,0.5015923566878981,1.433793799623417,2.1912112566189776,1.471526655896612,18217.50000000006,0.1220305569245934,12380.0,1256,254.87301587301596,-227.400159744409,14.50437898089176,12.862261146496815,3755.0,-2565.0
30,2.0,0.3,3,3.0,0.75,5,0,0.6475744211686877,0.48125,0.5130616105808224,0.9286454150232943,-0.9401515151515181,-9307.50000000003,0.09761388286334056,9900.0,160,381.39610389610385,-546.3855421686749,-99.89062500000014,319.8,10475.0,-6380.0
30,2.0,0.3,3,2.0,0.65,5,0,1.0047897817988285,0.46551724137931033,1.3989061420565898,4.27319361838069,1.9356223175965623,6764.999999999985,0.029874348234891872,3495.0,116,349.6296296296295,-303.0645161290323,0.7758620689654389,433.82758620689657,10475.0,-3495.0
30,1.5,0.5,3,4.0,0.65,3,30,0.9677752781662308,0.4971042471042471,-0.19951035181372803,-0.2637048959653523,-0.4072745901639389,-3975.0000000000437,0.09416304872165943,9760.0,1036,231.8009708737867,-236.76103646833047,-3.8368725868726243,13.243243243243244,3385.0,-4165.0
30,2.0,0.3,2,2.0,0.65,5,30,1.077578825894353,0.5016181229773463,0.5987906750432593,0.8776450143822064,0.8853016142735793,10420.00000000003,0.11635033610122578,11770.0,1236,233.44354838709685,-218.04383116883122,8.430420711974138,11.405339805825243,3355.0,-2565.0
30,2.0,0.5,2,2.0,0.65,3,0,1.114123529652854,0.4968553459119497,0.9581894403152703,1.4562048058059713,0.9526171741361585,13922.499999999956,0.14493975306193285,14615.0,1272,215.059335443038,-190.61718750000014,10.945361635220094,9.46069182389937,3325.0,-2020.0
30,2.0,0.3,3,4.0,0.65,5,0,0.8468821729150723,0.4396551724137931,1.0148343694802253,2.496053255361286,0.684379001280406,2672.4999999999854,0.033687025534851624,3905.0,116,434.0686274509803,-402.1538461538462,-34.504310344827665,443.2068965517241,10475.0,-3495.0
30,2.0,0.3,2,3.0,0.75,5,30,1.0512186416479719,0.49466666666666664,0.4433946617000451,0.6376781601880189,0.7426987060998335,10045.000000000247,0.13324466775035712,13525.0,1500,277.8504043126687,-258.7335092348284,6.696666666666834,16.605333333333334,3755.0,-3530.0
30,2.0,0.5,2,4.0,0.75,3,0,1.1602143244709717,0.5064935064935064,1.305024621447891,2.5766961917283235,2.072832572832579,29527.500000000087,0.12913607107243225,14245.0,1540,274.1378205128206,-242.49999999999997,19.17370129870135,14.888311688311688,10080.0,-3300.0
30,1.5,0.5,3,4.0,0.75,3,0,0.8886919631019993,0.4947916666666667,-0.4842011052527781,-0.5829750730008333,-1.1743227326266255,-19940.000000000102,0.1615143156092457,16980.0,1344,239.40225563909797,-263.83284241531703,-14.836309523809602,14.168154761904763,2625.0,-5845.0
30,2.0,0.3,2,2.0,0.65,5,0,1.0823739109874317,0.5015822784810127,0.760768670555127,1.1237382624694856,0.9619796091758709,11322.5,0.11635033610122578,11770.0,1264,234.66088328075713,-218.17857142857153,8.957674050632905,11.374208860759493,3355.0,-2565.0
30,1.5,0.5,3,4.0,0.65,5,0,0.9134705170326821,0.487962962962963,-0.4529366208783134,-0.5875413155258464,-0.8754373687893632,-12510.0,0.13725207703020698,14290.0,1080,250.59772296015214,-261.43761301989184,-11.583333333333334,14.397222222222222,3385.0,-4165.0
30,1.5,0.5,3,4.0,0.65,5,30,0.9270379933603836,0.4893410852713178,-0.4148645840863039,-0.5488430867138533,-0.7224251278305343,-9890.000000000015,0.1314892186524516,13690.0,1032,248.83168316831714,-257.2106261859586,-9.583333333333352,14.535852713178295,3385.0,-4165.0
30,1.5,0.5,3,4.0,0.75,5,30,0.8948558665456826,0.4898753894080997,-0.2198408593073218,-0.2756698123664697,-1.422205438066472,-18830.000000000087,0.12526017029328287,13240.0,1284,254.78139904610515,-273.4160305343515,-14.665109034267982,16.41355140186916,3025.0,-5215.0
30,1.5,0.5,3,4.0,0.65,3,0,0.9452202747513024,0.4944649446494465,-0.25219803744133484,-0.3295962893022972,-0.6673591874422926,-7227.500000000029,0.10402458937662089,10830.0,1084,232.6679104477615,-240.761861313869,-6.66743542435427,13.129151291512915,3385.0,-4165.0
30,1.5,0.5,3,4.0,0.75,3,30,0.9196976353142559,0.49767080745341613,-0.18084288441725285,-0.22748107693663128,-1.1474025974026063,-13252.500000000102,0.10986397793208409,11550.0,1288,236.78627145085827,-255.0734157650699,-10.289208074534239,15.129658385093167,2625.0,-5215.0
30,2.0,0.3,2,3.0,0.75,3,30,1.05354944326438,0.4973404255319149,0.35913986210370885,0.5212179311871876,0.6873914553664638,9895.000000000247,0.1423204310643136,14395.0,1504,260.2640374331553,-244.42129629629613,6.579122340425699,15.808510638297872,3755.0,-2980.0
30,2.0,0.3,2,2.0,0.65,3,0,1.0765118483412321,0.5,0.7299345329638655,1.069784872791637,0.7065826330532223,10090.000000000015,0.14161749392572023,14280.0,1268,223.9195583596215,-208.0047318611988,7.957413249211363,10.190851735015773,3325.0,-2020.0
30,2.0,0.3,2,2.0,0.75,3,30,1.0477732044582164,0.4986842105263158,0.2687905741556167,0.38166461435906013,0.47125912408759835,7747.500000000116,0.16274005147495546,16440.0,1520,224.16886543535637,-212.8248031496063,5.097039473684288,12.265131578947368,3325.0,-2980.0
30,1.5,0.5,3,4.0,0.75,5,0,0.8730409131717325,0.4880597014925373,-0.5461669727265991,-0.6630853221526531,-1.3852504897844997,-24747.500000000087,0.16976291157884735,17865.0,1340,260.21024464831834,-284.1472303207001,-18.46828358208961,15.441791044776119,3025.0,-5335.0
30,2.0,0.3,3,3.0,0.65,5,0,0.9334487609566058,0.46551724137931033,1.37023561119568,4.0583735696846235,1.4699570815450602,5137.499999999985,0.0300115924606071,3495.0,116,399.3518518518517,-372.62096774193554,-13.254310344827724,437.6896551724138,10475.0,-3495.0
30,2.0,0.3,2,2.0,0.75,5,30,1.0388989591860605,0.4980211081794195,0.010809883390346886,0.015230862143496006,0.47688172043011273,6652.500000000073,0.1377097729516288,13950.0,1516,235.3278145695365,-224.73061760841,4.388192612137251,13.410290237467018,3355.0,-3530.0
30,2.0,0.3,2,3.0,0.65,5,30,1.0967495727488443,0.5016339869281046,1.222797367412695,1.8307267592270862,1.3896568160152734,14577.500000000218,0.10340068999507146,10490.0,1224,269.1368078175898,-247.00409836065555,11.909722222222404,14.665849673202615,3755.0,-2565.0
30,2.0,0.3,2,4.0,0.75,5,0,1.1597100076669826,0.5046296296296297,1.456349997842455,2.9907159603565305,3.3173302107728393,35412.50000000006,0.08258548661612254,10675.0,1512,337.0150720838793,-296.0347129506006,23.420965608465643,20.49867724867725,12105.0,-3300.0
30,2.0,0.3,2,3.0,0.65,3,30,1.0875030810944064,0.500814332247557,0.9586065543981797,1.4539247826179291,0.9967910148415751,12425.000000000233,0.12330596498169948,12465.0,1228,251.08943089430915,-231.6394779771613,10.118078175895953,13.810260586319218,3755.0,-2020.0
30,2.0,0.3,2,2.0,0.75,5,0,1.103831689104486,0.4980719794344473,1.009227885906929,2.089866478693228,2.4221233312142423,19050.000000000015,0.07411421032793064,7865.0,1556,261.3161290322581,-234.9167733674776,12.242930591259652,13.296915167095115,10620.0,-3530.0
30,2.0,0.3,2,3.0,0.65,3,0,1.0970653852754433,0.5015923566878981,1.1498284214109398,1.753119138139945,1.1343762535098438,14140.000000000204,0.12330596498169948,12465.0,1256,253.6746031746033,-232.70766773162921,11.257961783439656,13.795382165605096,3755.0,-2020.0
30,2.0,0.3,2,3.0,0.65,5,0,1.1055538459046674,0.5023961661341853,1.4142393089668681,2.143773443677231,1.5531458531935372,16292.500000000204,0.10340068999507146,10490.0,1252,271.2957074721782,-247.7568218298554,13.013178913738178,14.631789137380192,3755.0,-2565.0
30,2.0,0.3,3,3.0,0.75,3,0,0.6701106182267389,0.4875,0.5834600897768927,1.0700942072692305,-0.8542110874200441,-8012.500000000015,0.09248668901597318,9380.0,160,382.49999999999983,-542.9573170731708,-91.79687500000013,319.475,10475.0,-6380.0
30,2.0,0.3,3,4.0,0.65,3,30,0.8569279939838313,0.4482758620689655,1.0500694887547222,2.584084523735527,0.7612732095490716,2870.0,0.0325084073467276,3770.0,116,438.2692307692305,-415.54687499999983,-32.801724137931075,442.82758620689657,10475.0,-3495.0
30,2.0,0.3,3,3.0,0.65,3,0,0.9333406665933337,0.4827586206896552,1.3512564478762221,3.9989938776127034,1.4763948497854078,5160.0,0.0300115924606071,3495.0,116,378.7946428571423,-378.7916666666663,-13.060344827586265,437.1034482758621,10475.0,-3495.0
30,2.0,0.3,2,2.0,0.75,3,0,1.073877276187131,0.4980769230769231,0.8970187299221803,1.3749576951970965,1.076119402985082,12617.500000000087,0.11606612551969907,11725.0,1560,236.04568854568865,-218.12260536398466,8.088141025641086,12.148076923076923,3610.0,-2980.0
30,2.0,0.3,2,3.0,0.75,3,0,1.083380382897912,0.49805699481865284,1.1017774509965135,1.712651089016671,1.6568077511473946,16245.000000000204,0.09682038115927719,9805.0,1544,274.4798439531861,-251.39354838709667,10.521373056994955,15.694300518134716,3755.0,-2980.0
30,2.0,0.3,3,2.0,0.65,3,30,1.053053329649073,0.4827586206896552,1.4449833021630327,4.433845988375973,2.1845493562231675,7634.999999999971,0.029874348234891872,3495.0,116,340.2678571428564,-301.5833333333331,8.27586206896532,432.9310344827586,10475.0,-3495.0
30,2.0,0.3,2,4.0,0.65,3,0,1.1562367765292216,0.5145161290322581,1.4166971578194405,2.1814727151838396,1.6141515544041507,24922.500000000087,0.15235088065518773,15440.0,1240,289.090909090909,-264.97923588039845,20.09879032258072,17.384677419354837,4685.0,-2985.0
30,2.0,0.3,2,4.0,0.65,3,30,1.15282156875362,0.514026402640264,1.304192785444564,1.9983698143407715,1.5382124352331663,23750.000000000087,0.15235088065518773,15440.0,1212,287.5762439807383,-263.85398981324255,19.595709570957172,17.40016501650165,4685.0,-2985.0
30,2.0,0.3,2,4.0,0.65,5,30,1.1482513392032516,0.5149501661129569,1.4923488903423943,2.30408131910207,2.0182313495389836,24077.500000000073,0.11730003441325403,11930.0,1204,300.7862903225805,-278.0993150684929,19.997923588039928,18.738372093023255,4685.0,-2985.0
30,2.0,0.3,2,3.0,0.75,5,0,1.1110513803772604,0.4954545454545455,1.280090419011761,2.5515899053408995,2.842813455657519,23240.00000000022,0.07635905099943957,8175.0,1540,304.73460026212337,-269.33397683397675,15.09090909090923,16.477922077922077,10800.0,-3530.0
30,2.0,0.5,2,4.0,0.65,5,0,1.1960016162184006,0.5184887459807074,1.8826568702195674,3.094905150615594,2.5426162260711056,27892.50000000003,0.10786097045376333,10970.0,1244,263.8759689922481,-237.5751252086811,22.42162379421225,14.52491961414791,4685.0,-2985.0
30,2.0,0.3,3,2.0,0.65,5,30,1.0047897817988285,0.46551724137931033,1.3989061420565898,4.27319361838069,1.9356223175965623,6764.999999999985,0.029874348234891872,3495.0,116,349.6296296296295,-303.0645161290323,0.7758620689654389,433.82758620689657,10475.0,-3495.0
30,2.0,0.3,2,4.0,0.65,5,0,1.1516357139639983,0.515422077922078,1.608706911200158,2.510709989244722,2.1165129924559993,25250.000000000073,0.11730003441325403,11930.0,1232,301.99606299212587,-278.92378559463964,20.495129870129926,18.69237012987013,4685.0,-2985.0
30,2.0,0.3,3,2.0,0.75,3,0,0.8828753351206429,0.45625,1.149286650100049,3.0117413850180057,0.6450304259634859,3179.9999999999854,0.04862892089169461,4930.0,160,360.89041095890343,-342.988505747126,-21.843750000000085,315.225,10475.0,-3495.0
30,2.0,0.5,2,4.0,0.75,5,30,1.1402581268548555,0.5067024128686327,1.0253063667744937,1.5942329849409311,1.7146473169085406,25402.50000000003,0.14566638808318175,14815.0,1492,273.16798941798936,-246.07676630434776,17.025804289544258,16.510723860589813,4685.0,-3300.0
30,2.0,0.3,3,2.0,0.75,3,30,0.9015447608412427,0.46153846153846156,1.3054385097362933,3.641150725518656,1.1530758226037154,4029.9999999999854,0.030172227737730394,3495.0,156,336.3888888888882,-319.8214285714281,-16.955128205128293,323.1794871794872,10475.0,-3495.0
30,2.0,0.5,2,2.0,0.75,3,0,1.0964021995286728,0.4942455242966752,1.0780679816413528,1.7067281255690372,1.166096541239077,15340.000000000058,0.13042185098894563,13155.0,1564,225.69857697283322,-201.16940581542354,9.808184143222547,11.432864450127877,3610.0,-2875.0
30,2.0,0.5,2,3.0,0.75,3,30,1.0571441417138754,0.49603174603174605,0.19413849900741167,0.2781346383696331,0.5337346024636132,9532.500000000131,0.17667425066772183,17860.0,1512,235.1300000000002,-218.91732283464572,6.304563492063575,13.617724867724867,3755.0,-2875.0
30,2.0,0.3,2,4.0,0.75,5,30,1.1118889574038477,0.5047554347826086,0.9246237213063875,1.403047074934483,1.6880700474279502,23135.00000000006,0.13475247038002064,13705.0,1472,309.4246298788693,-283.63168724279814,15.716711956521781,20.63451086956522,4685.0,-3300.0
30,2.0,0.3,2,4.0,0.75,3,30,1.1237129051028416,0.5060810810810811,0.8794442883777943,1.319809676381961,1.4378124081152655,24450.000000000087,0.1677931817060536,17005.0,1480,296.50867823765014,-270.362517099863,16.52027027027033,19.4527027027027,4685.0,-3300.0
30,2.0,0.3,3,2.0,0.75,5,30,0.8293668218143494,0.47435897435897434,1.1308501120839523,2.988336769877425,0.50768156424581,1817.5,0.03531268494772145,3580.0,156,319.0540540540538,-347.1646341463413,-31.13782051282056,323.8974358974359,10475.0,-3495.0
30,2.0,0.3,3,2.0,0.75,5,0,0.8184781744454159,0.46875,0.977935705457044,2.4467999410731776,0.1775229357798165,967.5,0.05375813769974354,5450.0,160,343.13333333333304,-369.9117647058822,-35.67187500000004,315.925,10475.0,-3495.0
30,2.0,0.3,3,3.0,0.65,3,30,0.9333406665933337,0.4827586206896552,1.3512564478762221,3.9989938776127034,1.4763948497854078,5160.0,0.0300115924606071,3495.0,116,378.7946428571423,-378.7916666666663,-13.060344827586265,437.1034482758621,10475.0,-3495.0
30,2.0,0.3,3,3.0,0.65,5,30,0.9334487609566058,0.46551724137931033,1.37023561119568,4.0583735696846235,1.4699570815450602,5137.499999999985,0.0300115924606071,3495.0,116,399.3518518518517,-372.62096774193554,-13.254310344827724,437.6896551724138,10475.0,-3495.0
30,2.0,0.3,2,4.0,0.75,3,0,1.1727560295864257,0.5059210526315789,1.5133918140543652,2.9506456141113406,2.7145232815964566,36727.50000000006,0.1230279609002046,13530.0,1520,324.2197659297789,-283.08588548601847,24.162828947368467,19.348684210526315,10590.0,-3300.0
30,2.0,0.3,3,3.0,0.75,5,30,0.7884351668444304,0.48717948717948717,1.0478021464050549,2.703697545522536,-0.07599431818182645,-267.5000000000291,0.03470715835140998,3520.0,156,340.4276315789473,-410.18750000000017,-44.5032051282053,327.8205128205128,10475.0,-3495.0
30,2.0,0.3,3,4.0,0.65,5,30,0.8468821729150723,0.4396551724137931,1.0148343694802253,2.496053255361286,0.684379001280406,2672.4999999999854,0.033687025534851624,3905.0,116,434.0686274509803,-402.1538461538462,-34.504310344827665,443.2068965517241,10475.0,-3495.0
30,2.0,0.3,3,4.0,0.75,3,0,0.6412150213252881,0.4625,0.2900060731212842,0.5166112439562517,-1.1383952611739396,-10570.00000000003,0.09141478783105247,9285.0,160,416.48648648648606,-558.8953488372092,-107.78125000000016,324.375,10475.0,-5800.0
30,2.0,0.3,3,4.0,0.75,3,30,0.7580105879074944,0.46794871794871795,0.7365411025199591,1.6619456071397072,-0.44816053511706333,-2010.000000000029,0.039011873178793545,4485.0,156,372.67123287671194,-432.40963855421677,-55.67307692307706,332.4871794871795,10475.0,-3495.0
30,2.0,0.3,3,4.0,0.65,3,0,0.8569279939838313,0.4482758620689655,1.0500694887547222,2.584084523735527,0.7612732095490716,2870.0,0.0325084073467276,3770.0,116,438.2692307692305,-415.54687499999983,-32.801724137931075,442.82758620689657,10475.0,-3495.0
30,2.0,0.3,3,3.0,0.75,3,30,0.8234466588511129,0.4935897435897436,1.1293982916001835,3.0327502350823705,0.29399141630900455,1027.499999999971,0.030220492866407263,3495.0,156,342.0779220779218,-404.9050632911393,-36.201923076923244,327.4871794871795,10475.0,-3495.0
30,2.0,0.3,3,4.0,0.75,5,30,0.744187679988761,0.46153846153846156,0.6994216088019659,1.573747121801265,-0.5083682008368262,-2430.000000000029,0.04165758856595059,4780.0,156,367.8819444444442,-423.7202380952382,-58.36538461538478,332.79487179487177,10475.0,-3495.0
30,2.0,0.3,3,4.0,0.75,5,0,0.6301878892552463,0.45625,0.25559407057612926,0.4545348306445161,-1.1791845493562263,-10990.00000000003,0.09175937776902629,9320.0,160,412.36301369862986,-549.0517241379312,-110.40625000000018,324.675,10475.0,-5800.0
30,2.0,0.5,2,2.0,0.75,3,30,1.0626217277918997,0.49343832020997375,0.4205400436349994,0.616382365399543,0.5307778399552371,9485.000000000087,0.1771675011153522,17870.0,1524,214.0292553191491,-196.19818652849744,6.223753280839949,11.591207349081365,3325.0,-2875.0
30,2.0,0.5,2,3.0,0.75,5,0,1.1420259874587886,0.4941860465116279,1.4356043655468067,2.755650916863881,2.795165394402037,27462.500000000015,0.0920029965352561,9825.0,1548,288.66013071895435,-246.95083014048535,17.740633074935406,14.677002583979329,9840.0,-3425.0
30,2.0,0.5,2,2.0,0.65,5,0,1.0995800953810486,0.49842271293375395,0.8222514986149019,1.2258049778127387,1.0613608748481096,13102.499999999913,0.12203440094899169,12345.0,1268,228.9240506329114,-206.88286163522022,10.333201892744414,10.764195583596214,3355.0,-2565.0
30,2.0,0.5,2,2.0,0.65,3,30,1.1007054600100181,0.49517684887459806,0.7430071576400974,1.1204204480824054,0.825350667122817,12062.49999999997,0.14493975306193285,14615.0,1244,214.03003246753255,-190.73248407643325,9.69654340836011,9.528938906752412,3325.0,-2020.0
30,2.0,0.5,3,2.0,0.65,3,30,1.2528404544727139,0.5086206896551724,1.5893043714260287,4.9445116086117,3.0400572246065725,10624.99999999997,0.029874348234891872,3495.0,116,331.73728813559273,-274.07894736842104,34.0517241379308,431.9310344827586,10475.0,-3495.0
30,2.0,0.5,2,3.0,0.65,5,30,1.1170216587047885,0.500814332247557,1.2252189804940068,1.8543677655373734,1.3158319870759347,16290.000000000073,0.1220305569245934,12380.0,1228,252.8373983739839,-227.08809135399673,13.265472312703645,12.966612377850163,3755.0,-2565.0
30,2.0,0.5,2,3.0,0.65,3,30,1.1135427697376172,0.49837662337662336,0.864556376055804,1.3248778726925206,1.1003420752565654,14475.000000000116,0.1301315659313483,13155.0,1232,231.2052117263846,-206.28640776699032,11.749188311688407,11.671266233766234,3755.0,-2020.0
30,2.0,0.5,2,3.0,0.75,5,30,1.0777625627619407,0.493368700265252,0.5548765211375928,0.7979784658187616,0.9132553606237854,14055.000000000058,0.15170034499753574,15390.0,1508,261.82459677419365,-236.57395287958119,9.320291777188364,14.846153846153847,3755.0,-3425.0
30,2.0,0.5,2,2.0,0.75,5,30,1.0654370933255395,0.4934210526315789,0.349612409984632,0.5081635569365889,0.7316821465428287,10635.000000000015,0.1436832740213523,14535.0,1520,230.87666666666667,-211.0681818181818,6.996710526315799,12.85657894736842,3355.0,-3425.0
30,2.0,0.5,2,3.0,0.65,3,0,1.128445657606398,0.5,1.1146475119179775,1.7296607592631208,1.2698593690612001,16705.000000000087,0.1301315659313483,13155.0,1260,232.95238095238113,-206.43650793650798,13.257936507936577,11.586507936507937,3755.0,-2020.0
30,2.0,0.5,2,2.0,0.75,5,0,1.1358305769148158,0.49423076923076925,1.2463788667861986,2.6432259150674295,2.7769320843091303,23714.99999999997,0.08051286886018667,8540.0,1560,257.20817120622564,-221.2832699619772,15.201923076923055,12.706410256410257,10620.0,-3425.0
30,2.0,0.5,2,4.0,0.65,3,0,1.188576916558387,0.5159744408945687,1.5325532881328618,2.4895518107868106,2.0092295345104394,25035.000000000073,0.12294637130593518,12460.0,1252,244.26083591331277,-219.07178217821783,19.99600638977642,12.946485623003195,4685.0,-2985.0
30,2.0,0.5,2,4.0,0.65,3,30,1.1806537102473504,0.5155228758169934,1.3635506118292247,2.193302782069453,1.8874398073836347,23517.500000000087,0.12294637130593518,12460.0,1224,243.57765451664034,-219.5278246205733,19.213643790849744,13.017156862745098,4685.0,-2985.0
30,2.0,0.5,2,3.0,0.75,3,0,1.0932988150950915,0.49742268041237114,0.9874404736564425,1.5203515942757184,1.2474324838341642,16397.500000000087,0.13003264417845484,13145.0,1552,248.8989637305701,-225.32371794871798,10.565399484536133,13.46520618556701,3755.0,-2875.0
30,2.0,0.5,2,4.0,0.65,5,30,1.191714126587737,0.5189144736842105,1.7464103285503312,2.847132609665787,2.4318596171376536,26677.50000000006,0.10786097045376333,10970.0,1216,262.8050713153724,-237.86752136752128,21.93873355263162,14.622532894736842,4685.0,-2985.0
30,2.0,0.5,2,4.0,0.75,5,0,1.1933272687670569,0.5058746736292428,1.6435605814798844,3.3818083199244806,3.260371650821089,37722.5,0.10464432686654909,11570.0,1532,300.4451612903225,-257.7575957727872,24.623041775456922,16.366840731070496,10635.0,-3300.0
30,2.0,0.5,2,4.0,0.75,3,30,1.0989363102989163,0.5066666666666667,0.5028833985309235,0.7543784711143933,0.9723899913718782,16905.000000000102,0.1715427500123341,17385.0,1500,247.0690789473685,-230.90202702702697,11.270000000000067,15.0,4685.0,-3300.0
30,2.0,0.5,3,2.0,0.65,5,30,1.1018998272884275,0.47413793103448276,1.4882020676077912,4.590047101028609,2.4163090128755322,8444.999999999985,0.029874348234891872,3495.0,116,347.9999999999999,-284.75409836065586,15.258620689655055,433.13793103448273,10475.0,-3495.0
30,2.0,0.5,3,3.0,0.65,3,30,1.1822545255074046,0.5,1.649333136702931,5.136033196923953,2.860515021459223,9997.499999999985,0.029992276666952717,3495.0,116,371.5948275862067,-314.3103448275863,28.642241379310207,433.8965517241379,10475.0,-3495.0
30,2.0,0.5,3,2.0,0.65,5,0,1.1018998272884275,0.47413793103448276,1.4882020676077912,4.590047101028609,2.4163090128755322,8444.999999999985,0.029874348234891872,3495.0,116,347.9999999999999,-284.75409836065586,15.258620689655055,433.13793103448273,10475.0,-3495.0
30,2.5,0.3,2,4.0,0.65,3,30,1.1449256791389042,0.532608695652174,0.3689868823782028,0.6265784836125526,0.5758655804480681,5655.000000000029,0.09750769536292324,9820.0,184,455.8673469387758,-453.72093023255803,30.73369565217411,43.21739130434783,4685.0,-2985.0
30,2.0,0.5,3,3.0,0.65,5,30,1.1250635485510925,0.46551724137931033,1.6428056162360267,5.109810307223138,2.613733905579395,9134.999999999985,0.029992276666952717,3495.0,116,409.81481481481495,-317.2580645161293,21.20689655172404,435.44827586206895,10475.0,-3495.0
30,2.5,0.3,2,4.0,0.75,3,30,1.1297590428803046,0.5188679245283019,0.5400026901576213,0.9247428604560475,0.5908859470468462,5802.500000000029,0.09750769536292324,9820.0,212,459.2727272727274,-438.40686274509795,27.370283018868033,59.2311320754717,4685.0,-2985.0
30,2.0,0.5,3,2.0,0.65,3,0,1.2528404544727139,0.5086206896551724,1.5893043714260287,4.9445116086117,3.0400572246065725,10624.99999999997,0.029874348234891872,3495.0,116,331.73728813559273,-274.07894736842104,34.0517241379308,431.9310344827586,10475.0,-3495.0
30,2.0,0.5,3,3.0,0.75,3,0,0.7455837052869797,0.4875,0.8061072126715594,1.4932317500939571,-0.36700426439232875,-3442.5000000000437,0.0925825396042047,9380.0,160,380.12820512820514,-484.9695121951225,-63.23437500000027,317.0,10475.0,-6380.0
30,2.0,0.5,3,2.0,0.75,3,0,0.9736505032021946,0.46875,1.2855033503166877,3.3990323260036654,1.2079107505070934,5954.999999999971,0.04867933843495433,4930.0,160,354.7333333333328,-321.47058823529403,-4.500000000000199,314.425,10475.0,-3495.0
30,2.5,0.5,2,2.0,0.65,3,30,1.140696967063527,0.4946808510638298,0.4133060811333432,0.6847348422975219,0.48013048635824607,4047.5000000000146,0.0843,8430.0,188,352.8494623655917,-302.8157894736844,21.52925531914902,32.351063829787236,3395.0,-2020.0
30,2.5,0.3,3,3.0,0.75,5,0,0.34776774823127554,0.4375,-1.1231118986582609,-1.1325934336446497,-1.4985986547085202,-13367.5,0.0892,8920.0,16,1018.2142857142846,-2277.222222222222,-835.4687500000005,10.0,835.0,-6380.0
30,2.5,0.5,2,2.0,0.75,3,0,1.067081838489136,0.4956140350877193,0.2351285545820029,0.37762236203373684,0.24053398058252567,2477.5000000000146,0.103,10300.0,228,348.76106194690277,-321.1521739130435,10.866228070175508,46.776315789473685,3395.0,-2020.0
30,2.0,0.5,3,3.0,0.65,3,0,1.1822545255074046,0.5,1.649333136702931,5.136033196923953,2.860515021459223,9997.499999999985,0.029992276666952717,3495.0,116,371.5948275862067,-314.3103448275863,28.642241379310207,433.8965517241379,10475.0,-3495.0
30,2.0,0.5,3,2.0,0.75,3,30,1.0053388090349062,0.47435897435897434,1.4436187361444435,4.069529351270798,1.9470672389127242,6804.999999999971,0.030199602523114145,3495.0,156,330.81081081081027,-296.95121951219505,0.8333333333331293,322.35897435897436,10475.0,-3495.0
30,2.0,0.5,3,2.0,0.75,5,30,0.8840767875359352,0.4807692307692308,1.2215056884564555,3.251127882116604,0.9916201117318354,3549.999999999971,0.03531268494772145,3580.0,156,317.76666666666637,-332.80864197530866,-20.03205128205144,323.35897435897436,10475.0,-3495.0
30,2.0,0.5,3,2.0,0.75,5,0,0.8672012027060879,0.475,1.0674499827296748,2.687508618978737,0.4954128440366919,2699.999999999971,0.05375813769974354,5450.0,160,341.5460526315787,-356.3392857142858,-24.843750000000156,315.4,10475.0,-3495.0
30,2.0,0.5,3,3.0,0.65,5,0,1.1250635485510925,0.46551724137931033,1.6428056162360267,5.109810307223138,2.613733905579395,9134.999999999985,0.029992276666952717,3495.0,116,409.81481481481495,-317.2580645161293,21.20689655172404,435.44827586206895,10475.0,-3495.0
30,2.0,0.5,3,4.0,0.65,3,30,1.1513944223107564,0.5086206896551724,1.6552296179264887,5.180569117535494,2.725321888412013,9524.999999999985,0.029887121600820934,3495.0,116,367.37288135593207,-330.2631578947369,24.56896551724128,435.9310344827586,10475.0,-3495.0
30,2.0,0.5,3,3.0,0.75,3,30,0.9604333057927092,0.4935897435897436,1.382435576741964,3.8492788493808567,1.6015736766809603,5597.499999999956,0.0302283341982356,3495.0,156,339.67532467532465,-344.7151898734183,-6.907051282051588,324.94871794871796,10475.0,-3495.0
30,2.5,0.3,2,3.0,0.65,3,0,1.100557828188919,0.5357142857142857,0.4205268981152743,0.7124419190925064,0.4646048109965676,3380.000000000029,0.07262653489068584,7275.0,196,352.30952380952397,-369.3681318681316,17.24489795918385,38.03061224489796,3755.0,-2020.0
30,2.0,0.5,3,3.0,0.75,5,30,0.8987189407617563,0.4807692307692308,1.2812297011441147,3.4151115837801624,1.0596590909090826,3729.999999999971,0.03470715835140998,3520.0,156,348.4333333333334,-358.981481481482,-18.878205128205362,326.05128205128204,10475.0,-3495.0
30,2.5,0.5,2,2.0,0.75,5,0,1.1351808482956036,0.5,0.520977921904232,0.830883748697853,0.6162514827995325,5195.000000000058,0.0843,8430.0,228,382.6754385964917,-337.10526315789474,22.785087719298478,48.28508771929825,3355.0,-2565.0
30,2.5,0.3,2,2.0,0.75,5,30,1.0782489740082102,0.49074074074074076,0.45019087708277394,0.7364519681069606,0.43597560975610866,2860.0000000000728,0.0656,6560.0,216,371.79245283018935,-332.2727272727272,13.24074074074111,50.986111111111114,3355.0,-2565.0
30,2.5,0.3,3,3.0,0.65,5,30,1.1565017261219772,0.625,1.3422703201880255,0.0,0.0,340.0,0.0,0.0,8,502.4999999999991,-724.1666666666666,42.49999999999943,14.0,835.0,0.0
30,2.0,0.5,3,4.0,0.65,3,0,1.1513944223107564,0.5086206896551724,1.6552296179264887,5.180569117535494,2.725321888412013,9524.999999999985,0.029887121600820934,3495.0,116,367.37288135593207,-330.2631578947369,24.56896551724128,435.9310344827586,10475.0,-3495.0
30,2.0,0.5,3,3.0,0.75,5,0,0.7119855812556317,0.475,0.720238374738868,1.317704101869013,-0.5363636363636393,-5310.000000000029,0.09761388286334056,9900.0,160,389.8355263157896,-495.38690476190527,-74.9062500000002,318.075,10475.0,-6380.0
30,2.0,0.5,3,4.0,0.65,5,30,1.139003322259135,0.4827586206896552,1.6371182744534585,5.1244167217354075,2.658082975679538,9289.999999999985,0.029887121600820934,3495.0,116,382.63392857142856,-313.541666666667,22.543103448275687,437.82758620689657,10475.0,-3495.0
30,2.0,0.5,3,4.0,0.65,5,0,1.139003322259135,0.4827586206896552,1.6371182744534585,5.1244167217354075,2.658082975679538,9289.999999999985,0.029887121600820934,3495.0,116,382.63392857142856,-313.541666666667,22.543103448275687,437.82758620689657,10475.0,-3495.0
30,2.0,0.5,3,4.0,0.75,3,0,0.7249594611450654,0.49375,0.7656673245094076,1.4582404397652515,-0.4684975767366783,-4350.000000000058,0.09150938747351303,9285.0,160,367.8481012658222,-494.87654320987673,-68.9062500000004,318.675,10475.0,-5800.0
30,2.0,0.5,3,4.0,0.75,3,30,0.9116804012898581,0.5,1.276394748996667,3.4157080838710185,1.2045779685264497,4209.999999999942,0.030247955342074518,3495.0,156,326.21794871794816,-357.82051282051304,-15.801282051282445,326.64102564102564,10475.0,-3495.0
30,2.0,0.5,3,4.0,0.75,5,0,0.7208984010452296,0.48125,0.7546849298291541,1.4371547224963839,-0.4871244635193211,-4540.000000000073,0.09175937776902629,9320.0,160,376.20129870129824,-484.12650602409684,-70.09375000000044,320.125,10475.0,-5800.0
30,2.0,0.5,3,4.0,0.75,5,30,0.9052039632241342,0.48717948717948717,1.2632221115443154,3.3730175186715354,1.142045454545434,4019.9999999999272,0.03465590233336615,3520.0,156,333.585526315789,-350.0937500000004,-17.019230769231207,328.12820512820514,10475.0,-3495.0
30,2.5,0.3,2,3.0,0.75,5,0,0.8673393815960017,0.5219298245614035,-0.34161647342590723,-0.42375591975467636,-0.5031601123595465,-7164.999999999942,0.14215833083757612,14240.0,228,393.65546218487407,-495.5045871559629,-31.42543859649097,53.69736842105263,3755.0,-6380.0
30,2.5,0.3,2,2.0,0.65,3,30,1.0171311281282085,0.48404255319148937,-0.02655148711113373,-0.04119594917216761,0.06435349940688537,542.5000000000437,0.0843,8430.0,188,353.9560439560445,-326.4690721649485,2.8856382978725703,33.180851063829785,3325.0,-2020.0
30,2.5,0.3,2,4.0,0.75,3,0,0.9509986569039474,0.5178571428571429,-0.1401362081753812,-0.19031511365797443,-0.18101792573623465,-2827.4999999999854,0.15509879853043393,15620.0,224,473.06034482758633,-534.2824074074074,-12.622767857142765,56.77232142857143,4685.0,-5800.0
30,2.5,0.3,2,2.0,0.65,5,30,1.1012875536480704,0.4946808510638298,0.3335509283006066,0.529045526724242,0.4946646341463503,3245.000000000058,0.0656,6560.0,188,379.3817204301083,-337.2368421052633,17.260638297872642,34.53191489361702,3355.0,-2565.0
30,2.5,0.3,2,2.0,0.65,3,0,1.0118101119258984,0.4897959183673469,-0.0798179470804241,-0.12358784751650286,0.0453736654804305,382.5000000000291,0.0843,8430.0,196,341.354166666667,-323.87500000000006,1.9515306122450489,32.255102040816325,3325.0,-2020.0
30,2.5,0.3,2,2.0,0.75,3,30,1.0144683242028392,0.4861111111111111,0.16933052874225463,0.2735177775099022,0.06109134045077796,515.0000000000582,0.0843,8430.0,216,343.9047619047624,-320.6756756756756,2.3842592592595433,49.64351851851852,3325.0,-2020.0
30,2.5,0.3,2,4.0,0.75,5,30,1.1090407938258011,0.5141509433962265,0.5322575607777917,0.9036592150711216,0.5277481323372543,4945.000000000073,0.0930394201171681,9370.0,212,461.42201834862414,-440.2912621359219,23.32547169811355,60.193396226415096,4685.0,-2985.0
30,2.5,0.3,2,2.0,0.65,5,0,1.0941769060520505,0.5,0.2836771947044567,0.44914391399243425,0.4702743902439091,3085.0000000000437,0.0656,6560.0,196,365.7397959183679,-334.2602040816328,15.739795918367568,33.55102040816327,3355.0,-2565.0
30,2.5,0.3,2,3.0,0.65,5,30,1.0575205681738293,0.5372340425531915,0.3101971507494147,0.4891142978101757,0.2601781170483535,2045.0000000000582,0.07846660676849355,7860.0,188,372.2524752475251,-408.649425287356,10.877659574468424,40.159574468085104,3755.0,-2565.0
30,2.5,0.3,2,3.0,0.65,3,30,1.1013605442176886,0.5319148936170213,0.4526392451246349,0.7672368111575409,0.46082474226804926,3352.500000000058,0.07262653489068584,7275.0,188,364.2750000000003,-375.85227272727246,17.832446808510916,39.11702127659574,3755.0,-2020.0
30,2.5,0.3,2,2.0,0.75,3,0,0.9874013743955216,0.4868421052631579,-0.16026733721143277,-0.24436264593202842,-0.048058252427180224,-494.99999999995634,0.103,10300.0,228,349.50450450450484,-335.81196581196576,-2.1710526315787377,47.48684210526316,3325.0,-2020.0
30,2.5,0.3,3,2.0,0.75,5,30,0.4685942173479552,0.5,-0.48835695040647076,-0.5209419997011492,-1.5738188976377954,-3997.5,0.0254,2540.0,12,587.4999999999989,-1253.75,-333.12500000000057,8.666666666666666,850.0,-2540.0
30,2.5,0.3,2,3.0,0.75,3,0,0.8894922218960969,0.5175438596491229,-0.24613960399314805,-0.30751431312473937,-0.41358476748443473,-5647.499999999956,0.1363182589597684,13655.0,228,385.2330508474576,-464.5909090909088,-24.769736842105097,52.78508771929825,3755.0,-6380.0
30,2.5,0.3,3,2.0,0.65,3,0,1.3861671469740633,0.625,1.336383746994649,0.0,0.0,670.0,0.0,0.0,8,481.0,-578.3333333333334,83.75,10.5,850.0,0.0
30,2.5,0.3,2,3.0,0.65,5,0,1.057425879745083,0.5408163265306123,0.28020753843706064,0.44163157428900723,0.26367684478372055,2072.5000000000437,0.07846660676849355,7860.0,196,360.0235849056605,-400.99999999999966,10.573979591836967,39.03061224489796,3755.0,-2565.0
30,2.5,0.3,2,3.0,0.75,5,30,1.0451297709923681,0.5231481481481481,0.4469280060938248,0.7138369224313051,0.235050890585251,1847.5000000000728,0.07846660676849355,7860.0,216,378.62831858407105,-397.4514563106792,8.553240740741078,56.08796296296296,3755.0,-2565.0
30,2.5,0.3,2,3.0,0.75,3,30,1.0884769604943154,0.5185185185185185,0.6274060958697891,1.0806246748890231,0.4625429553264685,3365.000000000058,0.07262653489068584,7275.0,216,369.62053571428584,-365.697115384615,15.578703703703946,55.125,3755.0,-2020.0
30,2.5,0.3,2,4.0,0.65,5,0,1.1168365770775432,0.53125,0.32161480776884943,0.5407714883468488,0.50453575240129,4727.500000000087,0.0930394201171681,9370.0,192,443.03921568627493,-449.58333333333286,24.622395833333783,43.145833333333336,4685.0,-2985.0
30,2.5,0.3,2,4.0,0.65,3,0,1.1402209389907114,0.5364583333333334,0.3304761010444372,0.5608289668996098,0.5687372708757668,5585.000000000029,0.09750769536292324,9820.0,192,440.92233009708764,-447.52808988764036,29.088541666666856,42.083333333333336,4685.0,-2985.0
30,2.5,0.3,3,2.0,0.65,3,30,1.3861671469740633,0.625,1.336383746994649,0.0,0.0,670.0,0.0,0.0,8,481.0,-578.3333333333334,83.75,10.5,850.0,0.0
30,2.5,0.3,2,4.0,0.65,5,30,1.120988588361392,0.5271739130434783,0.3602902970801275,0.6061816479026059,0.512006403415164,4797.500000000087,0.0930394201171681,9370.0,184,458.2474226804128,-455.775862068965,26.07336956521786,44.32608695652174,4685.0,-2985.0
30,2.5,0.3,3,2.0,0.65,5,0,1.3861671469740633,0.625,1.336383746994649,0.0,0.0,670.0,0.0,0.0,8,481.0,-578.3333333333334,83.75,10.5,850.0,0.0
30,2.5,0.3,3,3.0,0.65,3,30,1.1565017261219772,0.625,1.3422703201880255,0.0,0.0,340.0,0.0,0.0,8,502.4999999999991,-724.1666666666666,42.49999999999943,14.0,835.0,0.0
30,2.5,0.3,2,4.0,0.75,5,0,0.9368303762749648,0.5133928571428571,-0.14873059016200316,-0.20102254397734848,-0.24291364535266494,-3684.9999999999272,0.15063052328467877,15170.0,224,475.2173913043481,-535.1834862385317,-16.45089285714254,57.683035714285715,4685.0,-5800.0
30,2.5,0.3,3,3.0,0.65,3,0,1.1565017261219772,0.625,1.3422703201880255,0.0,0.0,340.0,0.0,0.0,8,502.4999999999991,-724.1666666666666,42.49999999999943,14.0,835.0,0.0
30,2.5,0.5,2,3.0,0.65,3,30,1.3986061368696174,0.5531914893617021,1.2099248508699312,2.4191416472776743,1.8616636528029011,10295.000000000044,0.05520614954577219,5530.0,188,347.3317307692313,-307.47023809523813,54.76063829787259,35.0531914893617,3755.0,-2020.0
30,2.5,0.3,3,4.0,0.65,3,0,0.32808857808857844,0.375,-1.1845807459508795,-1.1836816100726695,-0.7666223404255319,-2882.5,0.0376,3760.0,8,469.1666666666667,-857.9999999999991,-360.31249999999943,26.5,0.0,-3150.0
30,2.5,0.3,3,2.0,0.65,5,30,1.3861671469740633,0.625,1.336383746994649,0.0,0.0,670.0,0.0,0.0,8,481.0,-578.3333333333334,83.75,10.5,850.0,0.0
30,2.5,0.3,3,2.0,0.75,3,30,0.5352564102564088,0.5,-0.3581168618112514,-0.39502766858148514,-1.435643564356443,-2900.0000000000146,0.0202,2020.0,12,556.6666666666652,-1040.0,-241.66666666666742,8.0,850.0,-2020.0
30,2.5,0.3,3,2.0,0.75,5,0,0.5382233865205994,0.4375,-0.976562969213288,-1.0183571374177516,-1.0992063492063493,-4847.5,0.0441,4410.0,16,807.1428571428561,-1166.388888888889,-302.96875000000045,7.75,850.0,-2540.0
30,2.5,0.3,3,2.0,0.75,3,0,0.5930548019533359,0.4375,-0.9242961748776302,-0.9760592674165147,-0.9640102827763534,-3750.0000000000146,0.0389,3890.0,16,780.7142857142844,-1023.8888888888889,-234.37500000000057,7.25,850.0,-2020.0
30,2.5,0.3,2,2.0,0.75,5,0,1.0459684432848817,0.49122807017543857,0.12838591597670243,0.19898838121095724,0.2194543297746231,1850.0000000000728,0.0843,8430.0,228,375.8482142857148,-346.9396551724137,8.114035087719587,48.75877192982456,3355.0,-2565.0
30,2.5,0.3,3,3.0,0.65,5,0,1.1565017261219772,0.625,1.3422703201880255,0.0,0.0,340.0,0.0,0.0,8,502.4999999999991,-724.1666666666666,42.49999999999943,14.0,835.0,0.0
30,2.5,0.3,3,3.0,0.75,3,0,0.3613532856213398,0.4375,-1.0739013974028564,-1.0837046040950629,-1.4607142857142874,-12270.000000000015,0.084,8400.0,16,991.785714285713,-2134.722222222222,-766.8750000000006,9.5,835.0,-6380.0
30,2.5,0.3,3,3.0,0.75,5,30,0.4563442211055262,0.5,-0.4928118751493307,-0.5249186561874175,-1.7037401574803206,-4327.500000000015,0.0254,2540.0,12,605.4166666666648,-1326.6666666666667,-360.6250000000009,11.0,835.0,-2540.0
30,2.5,0.3,3,4.0,0.65,3,30,0.32808857808857844,0.375,-1.1845807459508795,-1.1836816100726695,-0.7666223404255319,-2882.5,0.0376,3760.0,8,469.1666666666667,-857.9999999999991,-360.31249999999943,26.5,0.0,-3150.0
30,2.5,0.3,3,3.0,0.75,3,30,0.5162860351928097,0.5,-0.36344150318112384,-0.4000280188166938,-1.5990099009901062,-3230.0000000000146,0.0202,2020.0,12,574.5833333333311,-1112.9166666666667,-269.1666666666678,10.333333333333334,835.0,-2020.0
30,2.5,0.5,2,2.0,0.75,5,30,1.1779423394924171,0.5,0.8497382626782568,1.4345973044554183,0.9432164634146453,6187.500000000073,0.0656,6560.0,216,379.2592592592599,-321.9675925925926,28.645833333333663,50.5787037037037,3355.0,-2565.0
30,2.5,0.3,3,4.0,0.75,3,0,0.28094591536546687,0.3125,-1.726507705354852,-1.7198304387181793,-1.316825528387899,-15887.5,0.12065,12065.0,16,1241.4999999999977,-2008.6363636363633,-992.9687500000005,16.25,0.0,-5800.0
30,2.5,0.3,3,4.0,0.65,5,0,0.32808857808857844,0.375,-1.1845807459508795,-1.1836816100726695,-0.7666223404255319,-2882.5,0.0376,3760.0,8,469.1666666666667,-857.9999999999991,-360.31249999999943,26.5,0.0,-3150.0
30,2.5,0.3,3,4.0,0.75,3,30,0.2613407258064508,0.3333333333333333,-1.5589355656267943,-1.5545923607380612,-1.1695929768555466,-7327.5,0.06265,6265.0,12,648.1249999999977,-1239.9999999999995,-610.6250000000003,19.0,0.0,-3150.0
30,2.5,0.3,3,4.0,0.65,5,30,0.32808857808857844,0.375,-1.1845807459508795,-1.1836816100726695,-0.7666223404255319,-2882.5,0.0376,3760.0,8,469.1666666666667,-857.9999999999991,-360.31249999999943,26.5,0.0,-3150.0
30,2.5,0.5,2,3.0,0.65,5,0,1.2747196301686523,0.5612244897959183,0.8447992727523308,1.4344216902752265,1.311937857726913,8022.500000000073,0.06104622142357991,6115.0,196,338.4090909090914,-339.5639534883719,40.93112244897994,35.255102040816325,3755.0,-2565.0
30,2.5,0.3,3,4.0,0.75,5,0,0.2760364004044486,0.3125,-1.728503030356071,-1.721794677532339,-1.331404958677686,-16110.0,0.121,12100.0,16,1228.4999999999982,-2022.954545454545,-1006.8750000000002,16.5,0.0,-5800.0
30,2.5,0.5,2,2.0,0.65,3,0,1.132597623089983,0.5,0.3634670316431962,0.6010736303626744,0.46322657176749704,3905.0,0.0843,8430.0,196,340.357142857143,-300.5102040816328,19.92346938775509,31.357142857142858,3395.0,-2020.0
30,2.5,0.5,2,2.0,0.65,5,0,1.1867435158501451,0.5102040816326531,0.5396596165316371,0.8668119564496932,0.8643292682926874,5670.000000000029,0.0656,6560.0,196,360.3250000000005,-316.27604166666686,28.928571428571576,32.91836734693877,3355.0,-2565.0
30,2.5,0.3,3,4.0,0.75,5,30,0.25080625155048314,0.3333333333333333,-1.5593621270212747,-1.5550136526135578,-1.1984126984126984,-7550.0,0.063,6300.0,12,631.8749999999983,-1259.6874999999995,-629.1666666666669,19.333333333333332,0.0,-3150.0
30,2.5,0.5,2,2.0,0.65,5,30,1.1958389487870635,0.5053191489361702,0.5886063654428769,0.9470723227876279,0.8860518292682993,5812.500000000044,0.0656,6560.0,188,373.6052631578954,-319.1397849462368,30.917553191489613,33.97872340425532,3355.0,-2565.0
30,2.5,0.5,2,3.0,0.75,3,0,1.0212997423418275,0.5394736842105263,0.28594067642435916,0.37237964338073326,0.07808564231738402,930.0000000000437,0.11889787361485475,11910.0,228,362.54065040650437,-415.83333333333326,4.078947368421242,49.33771929824562,3755.0,-6380.0
30,2.5,0.5,2,2.0,0.75,3,30,1.1042824943651401,0.49537037037037035,0.5674608989246943,0.971488513220872,0.411625148279956,3470.000000000029,0.0843,8430.0,216,343.4112149532714,-305.27522935779814,16.064814814814973,48.986111111111114,3395.0,-2020.0
30,2.5,0.5,2,3.0,0.65,3,0,1.3927452283733748,0.5561224489795918,1.1784339925206777,2.3550793564784978,1.8698010849909636,10340.00000000003,0.05520614954577219,5530.0,196,336.3990825688076,-302.6149425287357,52.75510204081645,34.03061224489796,3755.0,-2020.0
30,2.5,0.5,2,3.0,0.75,5,0,0.9938784201000765,0.543859649122807,0.18619091912602673,0.2377293706447197,-0.023009203681464436,-287.49999999989814,0.12473794549266247,12495.0,228,376.43145161290374,-451.58653846153817,-1.2609649122802828,50.45175438596491,3755.0,-6380.0
30,2.5,0.5,2,4.0,0.65,3,0,1.4685015290519896,0.578125,1.171956438213843,2.2829718334171343,2.0372340425532003,13405.000000000058,0.06533611359348625,6580.0,192,378.53603603603665,-353.2407407407408,69.81770833333361,35.958333333333336,4685.0,-2985.0
30,2.5,0.5,3,4.0,0.65,5,30,1.1165775401069558,0.625,1.3744496729077595,0.0,0.0,272.50000000001455,0.0,0.0,8,522.0000000000018,-779.1666666666666,34.06250000000114,14.0,835.0,0.0
30,2.5,0.5,2,3.0,0.65,5,30,1.2779374618935664,0.5585106382978723,0.8752332504767543,1.4867290343242756,1.3045789043336202,7977.500000000087,0.06104622142357991,6115.0,188,349.33333333333405,-345.813253012048,42.43351063829836,36.329787234042556,3755.0,-2565.0
30,2.5,0.5,2,3.0,0.75,3,30,1.3240551791690494,0.5416666666666666,1.3641448012223294,2.794355637349436,1.7947558770343686,9925.000000000058,0.05520614954577219,5530.0,216,346.60256410256454,-309.3686868686868,45.94907407407436,51.5787037037037,3755.0,-2020.0
30,2.5,0.5,3,3.0,0.65,3,0,1.1763367463026206,0.625,1.3744496729077595,0.0,0.0,387.50000000001455,0.0,0.0,8,517.0000000000018,-732.5,48.43750000000114,13.5,835.0,0.0
30,2.5,0.5,3,2.0,0.75,3,30,0.5352564102564088,0.5,-0.3581168618112514,-0.39502766858148514,-1.435643564356443,-2900.0000000000146,0.0202,2020.0,12,556.6666666666652,-1040.0,-241.66666666666742,8.0,850.0,-2020.0
30,2.5,0.5,2,4.0,0.65,5,30,1.3885680312553128,0.5815217391304348,1.076314112498256,1.9862126756719336,1.8658238172920256,11437.500000000116,0.06086783834773111,6130.0,184,381.9859813084121,-382.2727272727269,62.16032608695719,38.41304347826087,4685.0,-2985.0
30,2.5,0.5,3,4.0,0.65,3,30,1.1165775401069558,0.625,1.3744496729077595,0.0,0.0,272.50000000001455,0.0,0.0,8,522.0000000000018,-779.1666666666666,34.06250000000114,14.0,835.0,0.0
30,2.5,0.5,2,4.0,0.75,3,0,1.0951219512195136,0.5580357142857143,0.49711853609535267,0.705825218676842,0.3544022617124441,4387.500000000058,0.12292721676099692,12380.0,224,404.1000000000006,-465.909090909091,19.587053571428847,51.495535714285715,4685.0,-5800.0
30,2.5,0.5,2,3.0,0.75,5,30,1.2566312997347517,0.5462962962962963,1.1649629663390495,2.0619366161091026,1.4239574816026355,8707.500000000116,0.06104622142357991,6115.0,216,361.3347457627126,-346.2244897959181,40.31250000000052,52.754629629629626,3755.0,-2565.0
30,2.5,0.5,2,4.0,0.65,5,0,1.3907223438289318,0.5833333333333334,1.071413809103277,1.976726286773202,1.8927406199021397,11602.500000000116,0.06086783834773111,6130.0,192,368.72767857142935,-371.18749999999966,60.42968750000059,37.291666666666664,4685.0,-2985.0
30,2.5,0.5,3,2.0,0.65,5,0,1.3861671469740633,0.625,1.336383746994649,0.0,0.0,670.0,0.0,0.0,8,481.0,-578.3333333333334,83.75,10.5,850.0,0.0
30,2.5,0.5,2,4.0,0.65,3,30,1.4669782206154682,0.5760869565217391,1.1766535271208176,2.292589408281451,2.012158054711255,13240.000000000058,0.06533611359348625,6580.0,184,392.3820754716988,-363.49358974358984,71.95652173913078,37.02173913043478,4685.0,-2985.0
30,2.5,0.5,2,4.0,0.75,5,0,1.0825080760472408,0.5625,0.519938966301285,0.7233805947914154,0.32648784576698375,3895.0000000001164,0.11845894151524178,11930.0,224,405.5753968253975,-481.7091836734691,17.388392857143394,52.64732142857143,4685.0,-5800.0
30,2.5,0.5,2,4.0,0.75,3,30,1.3794152567527478,0.5613207547169812,1.3026431275315928,2.5455006708006325,1.942629179331318,12782.500000000073,0.06533611359348625,6580.0,212,390.5252100840343,-362.25806451612914,60.29481132075506,53.825471698113205,4685.0,-2985.0
30,2.5,0.5,3,2.0,0.75,5,0,0.5382233865205994,0.4375,-0.976562969213288,-1.0183571374177516,-1.0992063492063493,-4847.5,0.0441,4410.0,16,807.1428571428561,-1166.388888888889,-302.96875000000045,7.75,850.0,-2540.0
60,1.5,0.3,3,4.0,0.65,3,30,1.0207749977418472,0.4722222222222222,0.07678570170003983,0.10479693801617072,0.20184291355856812,2299.9999999998836,0.10742399245816639,11395.0,864,276.98529411764713,-242.78508771929853,2.662037037036908,16.21064814814815,3385.0,-4160.0
30,2.5,0.5,2,4.0,0.75,5,30,1.3534402185635241,0.5660377358490566,1.3517741521451176,2.5472723522306744,2.004893964110951,12290.000000000131,0.06086783834773111,6130.0,212,392.18750000000085,-377.96195652173884,57.97169811320816,55.04245283018868,4685.0,-2985.0
60,1.5,0.3,3,2.0,0.75,5,0,0.9397838573947644,0.458029197080292,0.2643679583985321,0.39199080377723233,-0.5754087420754204,-8622.500000000175,0.13444284945271848,14985.0,1096,268.0677290836654,-241.06481481481526,-7.867244525547605,15.57390510948905,3385.0,-3370.0
30,2.5,0.5,3,3.0,0.65,3,30,1.1763367463026206,0.625,1.3744496729077595,0.0,0.0,387.50000000001455,0.0,0.0,8,517.0000000000018,-732.5,48.43750000000114,13.5,835.0,0.0
60,1.5,0.3,3,2.0,0.75,5,30,0.9737827017968519,0.4608208955223881,0.7029129806275246,1.065367344756428,-0.27234042553192955,-3520.000000000189,0.11509349955476403,12925.0,1072,264.66093117408917,-232.28806228373742,-3.283582089552411,15.75839552238806,3385.0,-3370.0
30,2.5,0.5,3,2.0,0.65,3,30,1.3861671469740633,0.625,1.336383746994649,0.0,0.0,670.0,0.0,0.0,8,481.0,-578.3333333333334,83.75,10.5,850.0,0.0
30,2.5,0.5,3,2.0,0.65,3,0,1.3861671469740633,0.625,1.336383746994649,0.0,0.0,670.0,0.0,0.0,8,481.0,-578.3333333333334,83.75,10.5,850.0,0.0
60,1.5,0.3,3,4.0,0.65,5,30,1.0444022369948283,0.47093023255813954,0.45737462013982494,0.639836142589342,0.6087962962962777,5259.99999999984,0.08067603529576545,8640.0,860,305.48765432098764,-260.35714285714323,6.11627906976726,17.20232558139535,3860.0,-4160.0
30,2.5,0.5,3,2.0,0.65,5,30,1.3861671469740633,0.625,1.336383746994649,0.0,0.0,670.0,0.0,0.0,8,481.0,-578.3333333333334,83.75,10.5,850.0,0.0
30,2.5,0.5,3,4.0,0.75,5,0,0.36182266009852215,0.4375,-1.1117945075283266,-1.1238441696539834,-1.553357314148681,-12955.0,0.0834,8340.0,16,1049.2857142857142,-2255.5555555555557,-809.6875,10.25,835.0,-5800.0
30,2.5,0.5,3,4.0,0.65,3,0,1.1165775401069558,0.625,1.3744496729077595,0.0,0.0,272.50000000001455,0.0,0.0,8,522.0000000000018,-779.1666666666666,34.06250000000114,14.0,835.0,0.0
30,2.5,0.5,3,2.0,0.75,5,30,0.4685942173479552,0.5,-0.48835695040647076,-0.5209419997011492,-1.5738188976377954,-3997.5,0.0254,2540.0,12,587.4999999999989,-1253.75,-333.12500000000057,8.666666666666666,850.0,-2540.0
60,1.5,0.3,3,4.0,0.75,3,0,0.9758983841144782,0.474907063197026,0.06643153086442322,0.0926317414593381,-0.23211520594611876,-3747.5000000000873,0.14892537588783322,16145.0,1076,296.9471624266145,-275.199115044248,-3.4828066914498965,19.522304832713754,3670.0,-4160.0
30,2.5,0.5,3,2.0,0.75,3,0,0.5930548019533359,0.4375,-0.9242961748776302,-0.9760592674165147,-0.9640102827763534,-3750.0000000000146,0.0389,3890.0,16,780.7142857142844,-1023.8888888888889,-234.37500000000057,7.25,850.0,-2020.0
30,2.5,0.5,3,3.0,0.65,5,0,1.1763367463026206,0.625,1.3744496729077595,0.0,0.0,387.50000000001455,0.0,0.0,8,517.0000000000018,-732.5,48.43750000000114,13.5,835.0,0.0
30,2.5,0.5,3,3.0,0.75,3,0,0.36465237166991576,0.4375,-1.0618925464040565,-1.0723845699297243,-1.4550595238095239,-12222.5,0.084,8400.0,16,1002.1428571428578,-2137.5,-763.9062499999998,9.25,835.0,-6380.0
30,2.5,0.5,3,3.0,0.75,5,30,0.46399499060738914,0.5,-0.46277937176623685,-0.4950937325404051,-1.68503937007874,-4280.0,0.0254,2540.0,12,617.5000000000003,-1330.8333333333333,-356.6666666666665,10.666666666666666,835.0,-2540.0
30,2.5,0.5,3,3.0,0.65,5,30,1.1763367463026206,0.625,1.3744496729077595,0.0,0.0,387.50000000001455,0.0,0.0,8,517.0000000000018,-732.5,48.43750000000114,13.5,835.0,0.0
30,2.5,0.5,3,3.0,0.75,3,30,0.5251771726967549,0.5,-0.3272540056753149,-0.36252539205262874,-1.5754950495049505,-3182.5,0.0202,2020.0,12,586.6666666666666,-1117.0833333333333,-265.2083333333333,10.0,835.0,-2020.0
30,2.5,0.5,3,4.0,0.75,5,30,0.4590769230769234,0.5,-0.46277937176623685,-0.4950937325404051,-1.7303149606299213,-4395.0,0.0254,2540.0,12,621.6666666666671,-1354.1666666666667,-366.24999999999983,11.0,835.0,-2540.0
30,2.5,0.5,3,4.0,0.75,3,30,0.4763100094132413,0.5,-0.45525723821305597,-0.4878984449060694,-1.6656686626746506,-4172.5,0.02505,2505.0,12,632.5,-1327.9166666666667,-347.7083333333333,10.666666666666666,835.0,-2505.0
30,2.5,0.5,3,3.0,0.75,5,0,0.3508771929824565,0.4375,-1.1113812879709741,-1.1215616794208383,-1.493273542600897,-13320.0,0.0892,8920.0,16,1028.5714285714296,-2280.0,-832.4999999999995,9.75,835.0,-6380.0
30,2.5,0.5,3,4.0,0.65,5,0,1.1165775401069558,0.625,1.3744496729077595,0.0,0.0,272.50000000001455,0.0,0.0,8,522.0000000000018,-779.1666666666666,34.06250000000114,14.0,835.0,0.0
60,1.5,0.3,3,4.0,0.75,3,30,1.0255798867401855,0.47718631178707227,0.5572792387000963,0.8096231719974121,0.2922676282051212,3647.4999999999127,0.11202872531418312,12480.0,1052,291.3147410358566,-259.2590909090911,3.4672053231938342,19.826996197718632,3670.0,-4160.0
30,2.5,0.5,3,4.0,0.75,3,0,0.3678788631004095,0.4375,-1.108645565700977,-1.1207315780704603,-1.533112582781457,-12732.5,0.08305,8305.0,16,1058.5714285714282,-2238.0555555555557,-795.7812500000001,10.0,835.0,-5800.0
60,1.5,0.3,3,4.0,0.75,5,0,0.9836173196860724,0.4748134328358209,0.2916125780990038,0.40875368783553934,-0.2101033295063246,-2745.000000000131,0.12055363321799308,13065.0,1072,323.7917485265226,-297.6110124333928,-2.560634328358334,20.550373134328357,3860.0,-4160.0
60,1.5,0.3,2,3.0,0.75,5,0,0.9712915334352845,0.49332344213649854,-1.211594631936103,-1.5224780802251285,-0.5825538233110599,-19617.49999999994,0.3205768956161645,33675.0,5392,249.5178571428572,-250.12262079062958,-3.6382603857566655,13.26576409495549,6440.0,-8780.0
60,1.5,0.3,3,4.0,0.65,5,0,1.0322306008270479,0.4701834862385321,0.3126250907609241,0.4382954426776951,0.35714285714284016,3974.999999999811,0.10450704225352113,11130.0,872,310.49999999999994,-266.94805194805235,4.5584862385318985,17.172018348623855,3860.0,-4160.0
60,1.5,0.3,3,2.0,0.75,3,30,0.9712783851976448,0.47769516728624534,0.3443360590934414,0.556058058298454,-0.27529222087868266,-3415.000000000058,0.11257827389055268,12405.0,1076,224.6789883268483,-211.5658362989325,-3.173791821561389,14.309479553903346,3670.0,-2215.0
60,1.5,0.3,3,2.0,0.65,3,30,0.9875265240580365,0.4805936073059361,0.07487185936544362,0.11428636727135352,-0.1102941176470662,-1087.5000000000728,0.0935084641282185,9860.0,876,204.50712589073635,-191.6153846153848,-1.2414383561644744,11.051369863013699,3385.0,-2215.0
60,1.5,0.3,3,2.0,0.65,5,30,0.9898984693088682,0.4610091743119266,0.5224292892220722,0.7550989519698718,-0.09849246231157534,-980.0000000001746,0.0921893820068563,9950.0,872,238.8930348258708,-206.41489361702176,-1.1238532110093673,12.395642201834862,3385.0,-3370.0
60,1.5,0.3,3,2.0,0.65,5,0,0.9735675137020413,0.4592760180995475,0.34958268293799594,0.502437053879638,-0.2208576186511386,-2652.5000000001746,0.1112758269248587,12010.0,884,240.63423645320216,-209.93723849372432,-3.000565610859924,12.34049773755656,3385.0,-3370.0
60,1.5,0.3,3,3.0,0.65,5,30,1.039624337623011,0.4664351851851852,0.9798325336270323,1.4895713427977062,0.5502628120893294,4187.499999999796,0.06889371718269056,7610.0,864,272.624069478908,-229.24078091106315,4.846643518518287,14.372685185185185,3385.0,-3885.0
60,1.5,0.3,3,2.0,0.75,3,0,0.9575555867433887,0.4763636363636364,0.1546156590155965,0.24866576198565643,-0.4017077798861502,-5292.500000000029,0.12065570767892303,13175.0,1100,227.86259541984745,-216.48003472222234,-4.811363636363661,14.09909090909091,3670.0,-2215.0
60,1.5,0.3,2,3.0,0.65,5,0,0.9540937773199795,0.4921676545300593,-1.2667411508262878,-1.551925538487627,-0.6788045565083953,-26517.500000000466,0.37624000770490224,39065.0,4724,237.04408602150528,-240.7857440600251,-5.613357324301537,13.881668077900084,4195.0,-8780.0
60,1.5,0.3,2,2.0,0.65,5,30,0.9628835326439072,0.4905936454849498,-1.139430911328882,-1.4117092917528162,-0.5478131949592399,-18475.000000000364,0.32149666348903716,33725.0,4784,204.21069450362168,-204.25010258514584,-3.861831103679005,12.161998327759198,4170.0,-7025.0
60,1.5,0.3,2,4.0,0.65,5,30,0.9594870102953242,0.49556902985074625,-1.3327103851254853,-1.687365271586384,-0.6750775303073064,-23945.00000000016,0.33405537766057636,35470.0,4288,266.87058823529424,-273.25242718446617,-5.584188432835858,17.53777985074627,7085.0,-7760.0
60,1.5,0.3,3,2.0,0.65,3,0,1.0006491673722824,0.48085585585585583,0.18229089403353407,0.28170439863058605,0.005915637860074819,57.49999999992724,0.09218075774100241,9720.0,888,207.57025761124126,-192.1366594360089,0.06475225225216263,10.978603603603604,3385.0,-2215.0
60,1.5,0.3,2,3.0,0.65,3,30,0.9768171963328107,0.49314481576692376,-0.4843799712885518,-0.6616629887960042,-0.4275161588181011,-11575.000000000087,0.2612408336549595,27075.0,4668,211.86685490877503,-211.02810650887585,-2.479648671808072,12.635175664095973,4640.0,-4800.0
60,1.5,0.3,3,3.0,0.75,3,0,0.9844621871355516,0.4797794117647059,0.5189157971469902,0.8163640633306584,-0.15316590024761953,-2165.000000000102,0.12541034513352853,14135.0,1088,262.78256704980834,-246.17932862190818,-1.9898897058824427,16.28860294117647,3670.0,-2730.0
60,1.5,0.3,2,2.0,0.75,3,30,1.0052236634338787,0.49556737588652483,-0.30828107834144886,-0.42385874690520325,0.10971943887775434,2737.499999999971,0.23629131546547968,24950.0,5640,188.47763864042943,-184.2029876977154,0.4853723404255267,9.040425531914893,5800.0,-4825.0
60,1.5,0.3,2,2.0,0.65,5,0,0.9533015267175566,0.48932312651087834,-1.3385038408401284,-1.6292529069562582,-0.6625152294571651,-24470.000000000393,0.3497798191202235,36935.0,4964,205.65253190613421,-206.70611439842222,-4.929492344883238,11.853746978243352,4170.0,-8535.0
60,1.5,0.3,3,3.0,0.65,5,0,1.0187146247945935,0.4657534246575342,0.767287288027295,1.15592942697734,0.20157325467057977,2049.9999999997963,0.09206952743074416,10170.0,876,273.5049019607841,-234.0598290598293,2.340182648401593,14.299086757990867,3385.0,-3885.0
60,1.5,0.3,3,3.0,0.65,3,0,1.0198992506453461,0.47954545454545455,0.6858430599023653,1.1001510298848336,0.19489445262639996,1984.9999999998836,0.09218445942888175,10185.0,880,241.08412322274867,-217.80021834061145,2.255681818181689,13.056818181818182,3385.0,-2730.0
60,1.5,0.3,3,3.0,0.65,3,30,1.0429908491279285,0.4804147465437788,0.9088716315093677,1.4859238737666998,0.5406557377049027,4122.499999999884,0.06901389328868172,7625.0,868,239.84412470023966,-212.6219512195123,4.7494239631335144,13.112903225806452,3385.0,-2730.0
60,1.5,0.3,2,2.0,0.65,3,0,1.001433737099001,0.4914196567862715,-0.11911689682992677,-0.17189842762691965,0.028297960882214195,679.9999999996071,0.2272125567322239,24030.0,5128,188.47817460317464,-181.85774539877318,0.13260530421209266,9.493759750390016,4165.0,-3415.0
60,1.5,0.3,2,2.0,0.75,3,0,1.0077906620259327,0.4943839346494214,-0.2652917566225185,-0.3719298714462064,0.18592640413169786,4320.0,0.21765807962529274,23235.0,5876,192.36833046471608,-186.6408616627399,0.7351940095302935,8.918992511912865,5800.0,-4825.0
60,1.5,0.3,3,4.0,0.65,3,0,1.008781986113213,0.4714611872146119,-0.06576886824828244,-0.08975627462124068,0.07009668508286288,1014.9999999998545,0.1365071883101579,14480.0,876,282.30629539951576,-249.62742980561586,1.1586757990865997,16.19406392694064,3385.0,-4160.0
60,1.5,0.3,2,2.0,0.75,5,30,0.9696799889651365,0.4910124724871607,-1.1176173029901113,-1.4028883193046362,-0.5618210862619814,-17585.000000000015,0.2962191832678749,31300.0,5452,210.084049308928,-209.00180180180192,-3.2254218635363197,11.477439471753485,6000.0,-7025.0
60,1.5,0.3,3,3.0,0.75,5,0,0.9708120604951342,0.46863468634686345,0.467107143610075,0.688027489594943,-0.3174991267900925,-4545.000000000175,0.1273916525763104,14315.0,1084,297.5787401574802,-270.33854166666686,-4.1928044280444485,17.547970479704798,3385.0,-3885.0
60,1.5,0.3,3,3.0,0.75,5,30,1.029364356296866,0.4707547169811321,1.1085514699754742,1.716786248566547,0.35965665236049754,4189.999999999796,0.10094008577741195,11650.0,1060,294.3486973947894,-254.3493761140822,3.9528301886790547,17.764150943396228,3385.0,-3885.0
60,1.5,0.3,2,2.0,0.65,3,30,1.006496710070454,0.49291497975708504,-0.011570046784307146,-0.016617781152830625,0.13068688670827863,2929.999999999607,0.2133917098938752,22420.0,4940,186.41786447638606,-180.0389221556888,0.5931174089068039,9.617813765182186,4165.0,-3415.0
60,1.5,0.3,3,3.0,0.75,3,30,1.045447409733123,0.48214285714285715,1.1310480519352497,1.9106185511126552,0.5114840989399191,5789.999999999884,0.09792811107746875,11320.0,1064,259.62962962962945,-231.21597096188756,5.441729323308159,16.5093984962406,3670.0,-2730.0
60,1.5,0.3,2,3.0,0.75,3,0,0.9869759008235421,0.4953034682080925,-0.6243612481720493,-0.8567766984852653,-0.36073008849555976,-8152.499999999651,0.21000789852715698,22600.0,5536,225.3109044493072,-224.03543307086613,-1.472633670520168,11.878793352601155,5475.0,-3840.0
60,1.5,0.3,2,4.0,0.75,5,30,0.9702379227403141,0.4962901896125309,-1.5254669440178412,-1.988033583712133,-0.47806354009076274,-20539.99999999962,0.39595428992719567,42965.0,4852,278.07308970099695,-282.3813420621932,-4.23330585325631,16.895919208573783,8710.0,-6235.0
60,1.5,0.3,2,4.0,0.65,3,30,0.9689881746568457,0.495,-1.1759837674158014,-1.5273202145445306,-0.5377119315480897,-16967.49999999997,0.30307832685011765,31555.0,4400,243.41712580348954,-246.23312331233134,-3.8562499999999917,15.98159090909091,5380.0,-7450.0
60,1.5,0.3,2,3.0,0.75,3,30,0.9828344902652549,0.49585843373493976,-0.6004675110916705,-0.8158352473084911,-0.37723380491435726,-10132.499999999636,0.2568245924367739,26860.0,5312,220.25436598329554,-220.41915608663186,-1.907473644578244,12.007718373493976,5475.0,-5345.0
60,1.5,0.3,2,4.0,0.75,3,0,0.9813990343861727,0.4948076923076923,-1.4336509819833307,-1.983347709520644,-0.31024096385540667,-12617.499999999389,0.36877181847032686,40670.0,5200,258.72813835989143,-258.21279025504384,-2.4264423076921915,15.19076923076923,5700.0,-6005.0
60,1.5,0.3,2,3.0,0.75,5,30,0.9657313984025572,0.4934261407579273,-1.2433291732964724,-1.5638741618655463,-0.6772462434835922,-22084.99999999994,0.3131511979641811,32610.0,5172,243.88028996865208,-245.97996183206112,-4.270108275328683,13.529002320185615,6440.0,-7025.0
60,1.5,0.3,2,3.0,0.65,5,30,0.9597942195052853,0.49209833187006147,-1.105663783986012,-1.3798177892330434,-0.6431808215173344,-22000.000000000422,0.33234551107656435,34205.0,4556,234.24843889384474,-236.4671564390667,-4.82879719051809,14.15891132572432,4255.0,-7025.0
60,1.5,0.3,2,3.0,0.65,3,0,0.9671654472504128,0.49236168455821633,-0.794733317722124,-1.0545622786488478,-0.5799566449891657,-17390.00000000013,0.2868005738880918,29985.0,4844,214.7735849056604,-215.3822692151282,-3.5900082576383423,12.513831544178364,4580.0,-5965.0
60,1.5,0.3,2,2.0,0.75,5,0,0.9677748093772585,0.4897887323943662,-1.1518929813521135,-1.4338851753079418,-0.5775724057633532,-19842.5,0.32300676946220386,34355.0,5680,214.19931703810218,-212.47239475500353,-3.493397887323945,11.192605633802817,6000.0,-8535.0
60,1.5,0.3,2,4.0,0.65,5,0,0.9648023104458182,0.49550359712230213,-1.1641246858419205,-1.4943474436506388,-0.6326217283228576,-21632.500000000116,0.32053805774278216,34195.0,4448,269.04151542649737,-273.8859180035652,-4.863421762589956,17.189523381294965,7085.0,-7980.0
60,1.5,0.3,2,4.0,0.65,3,0,0.9716831414793667,0.4940944881889764,-1.055598878549508,-1.419936378910553,-0.49708365310821045,-16192.499999999956,0.3098544658993627,32575.0,4572,245.96724214254104,-247.22546476437537,-3.541666666666657,15.788057742782152,5320.0,-7965.0
60,1.5,0.3,2,4.0,0.75,3,30,0.9756696044207207,0.4957797427652733,-1.4763495668380846,-1.9758720657111042,-0.3936803444782017,-15542.499999999403,0.37185645662616557,39480.0,4976,252.641872719903,-254.60741331207657,-3.123492765273192,15.409967845659164,5700.0,-6235.0
60,1.5,0.3,2,4.0,0.75,5,0,0.9783297518511935,0.49565560821484994,-1.3750932964285534,-1.817308272941632,-0.34591435438058943,-15832.499999999578,0.40639289678135404,45770.0,5064,284.77191235059786,-286.06499608457324,-3.126481042653945,16.548973143759873,8710.0,-7980.0
60,1.5,0.5,3,2.0,0.65,3,30,0.938467469307869,0.478310502283105,-0.39946590807237403,-0.5886002206037231,-0.5770300333704229,-5187.500000000102,0.0882627264248196,8990.0,876,188.82458233890208,-184.47483588621463,-5.921803652968159,10.547945205479452,3385.0,-2215.0
60,1.5,0.5,2,3.0,0.75,3,30,0.9713362994996333,0.4933823529411765,-0.9660576137401281,-1.263251375157392,-0.5289002557544663,-15509.999999999724,0.28132194934765925,29325.0,5440,195.8243293591656,-196.33617561683604,-2.85110294117642,10.301470588235293,5475.0,-5830.0
60,1.5,0.5,2,3.0,0.75,3,0,0.9818864001677272,0.492600422832981,-0.875013251417581,-1.2061577075307754,-0.4092972759573513,-10367.499999999709,0.2408939610080837,25330.0,5676,200.9987482117312,-198.73611111111114,-1.8265503875968474,10.142353770260748,5475.0,-3885.0
60,1.5,0.3,3,4.0,0.75,5,30,1.034550726526356,0.4770992366412214,0.8236874624385496,1.1959534704398653,0.5449640287769649,5302.499999999869,0.08721373190516739,9730.0,1048,317.545,-280.05474452554773,5.059637404580031,20.826335877862597,3860.0,-4160.0
60,1.5,0.5,3,3.0,0.75,3,0,0.9372432172335927,0.4772727272727273,0.1551850491328493,0.22843656495746134,-0.7150991142977757,-8477.500000000131,0.110882476733854,11855.0,1100,241.15714285714273,-234.93043478260878,-7.7068181818183055,15.18909090909091,3670.0,-2845.0
60,1.5,0.5,2,3.0,0.65,3,0,0.9634582387210123,0.489297253634895,-0.9524645736653354,-1.2430971311934345,-0.5822691552062925,-17782.500000000175,0.29258478635753976,30540.0,4952,193.50082542302934,-192.4219058916569,-3.590973344103426,10.731825525040387,4350.0,-5965.0
60,1.5,0.5,2,2.0,0.75,3,0,0.9803196930343495,0.4917173766058147,-0.9706620934203826,-1.3122905722452283,-0.38873370577281735,-10437.500000000146,0.25664308927547314,26850.0,5916,178.72636644895158,-176.37263052876634,-1.7642832995267315,8.378634212305611,5800.0,-4825.0
60,1.5,0.5,2,4.0,0.75,3,0,0.964538830001957,0.49434306569343067,-1.5377385421871015,-2.050919759417015,-0.5378740058073332,-21302.499999999432,0.37823512558494893,39605.0,5480,213.88888888888914,-216.790869722122,-3.88731751824807,11.62919708029197,5700.0,-4240.0
60,1.5,0.5,3,3.0,0.75,5,0,0.8901692017917332,0.46703296703296704,-0.012353519129728166,-0.017032991877685907,-1.3354503464203413,-17347.500000000233,0.12284849631170797,12990.0,1092,275.6862745098038,-271.38745704467385,-15.885989010989224,16.749084249084248,3385.0,-3885.0
60,1.5,0.5,3,2.0,0.75,3,30,0.9388790534997187,0.4759259259259259,0.07575432000380376,0.11550620263760361,-0.6031103536429558,-7077.500000000087,0.1086825654086594,11735.0,1080,211.5126459143969,-204.5848056537104,-6.553240740740825,13.833333333333334,3670.0,-2845.0
60,1.5,0.5,3,3.0,0.75,5,30,0.9405716848660474,0.4691011235955056,0.6036529539762103,0.86707316144155,-0.8317238049251808,-8612.500000000247,0.0951877556648435,10355.0,1068,272.0758483033931,-255.59523809523844,-8.064138576779262,16.94569288389513,3385.0,-3885.0
60,1.5,0.5,2,2.0,0.65,3,30,0.9758361727279036,0.4895330112721417,-0.6809391385911499,-0.940751622835876,-0.42036290322582875,-10425.000000000553,0.23944001930967898,24800.0,4968,173.11060855263156,-170.12223974763427,-2.0984299516909313,9.078099838969404,4275.0,-3415.0
60,1.5,0.5,2,2.0,0.65,3,0,0.9733051968087438,0.48855702094647013,-0.7726596634402779,-1.0851811173913997,-0.4555283941331541,-12112.500000000568,0.2550110290591733,26590.0,5156,175.31857880111153,-172.06674251042872,-2.3492048099302894,8.948797517455391,4365.0,-3415.0
60,1.5,0.5,2,4.0,0.75,5,30,0.9746953317948099,0.4964594807238395,-1.0304427169968124,-1.3372709222009767,-0.39506953223766794,-15624.999999999767,0.35485173388363017,39550.0,5084,238.4508716323298,-241.20117187500009,-3.073367427222613,13.729346970889063,8260.0,-7140.0
60,1.5,0.5,2,2.0,0.65,5,30,0.9509013380688847,0.49020833333333336,-1.1422546599184755,-1.451147599236683,-0.8251778587541403,-23777.500000000553,0.27641613506643004,28815.0,4800,195.70866978325537,-197.90764201062544,-4.95364583333345,11.751458333333334,4525.0,-7025.0
60,1.5,0.5,2,2.0,0.65,5,0,0.9412214488775599,0.4887550200803213,-1.3513018809926371,-1.6670246659758396,-0.9064247921390963,-29980.00000000061,0.315180102915952,33075.0,4980,197.23500410846336,-200.33385703063647,-6.020080321285265,11.434939759036144,4525.0,-8535.0
60,1.5,0.5,2,2.0,0.75,3,30,0.9746658896078342,0.4924295774647887,-1.0340363855389316,-1.3568829384758092,-0.43432963279248954,-12715.000000000131,0.2816935289872504,29275.0,5680,174.89363603861287,-174.0868886576484,-2.2385563380281917,8.507042253521126,5800.0,-4825.0
60,1.5,0.5,2,2.0,0.75,5,30,0.959869445230682,0.4916058394160584,-1.1492854237769252,-1.472634052559365,-0.7335489086499661,-22685.000000000204,0.2937544526240798,30925.0,5480,201.40868596881964,-202.900215362527,-4.139598540146022,11.080109489051095,6355.0,-7025.0
60,1.5,0.5,2,4.0,0.65,3,0,0.9514817599113715,0.49102671118530883,-1.3522591808187479,-1.7258239051369748,-0.7591704070577283,-24524.999999999913,0.31104371269015985,32305.0,4792,204.40076498087564,-207.248872488725,-5.1179048414023205,12.204090150250417,4260.0,-6995.0
60,2.0,0.3,3,2.0,0.65,5,0,1.3456591639871402,0.44696969696969696,2.1110641343583625,7.102994638391658,5.279017857142896,5912.500000000044,0.0112,1120.0,132,390.1271186440688,-234.31506849315093,44.791666666666956,47.49242424242424,3385.0,-915.0
60,1.5,0.5,2,2.0,0.75,5,0,0.9586404722991224,0.49018920812894184,-1.1772614496672609,-1.4851318138588947,-0.7284476428256779,-24800.000000000204,0.32045368975903615,34045.0,5708,205.43959971408148,-206.0549828178695,-4.344779257182938,10.786615276804485,6355.0,-8535.0
60,1.5,0.5,2,4.0,0.65,3,30,0.9442757514362055,0.4923979148566464,-1.365023740591245,-1.647995691500312,-0.7928709055876677,-26747.49999999997,0.3277629341753704,33735.0,4604,199.9338332598149,-205.39045785194708,-5.80962206776715,12.405299739357082,4170.0,-9310.0
60,1.5,0.5,2,3.0,0.65,3,30,0.9679357625742906,0.4903442485306465,-0.7685822317803473,-1.0073378375739657,-0.5439926062846634,-14715.000000000146,0.26142843336232724,27050.0,4764,190.15732020547952,-189.0125617792423,-3.088790931989956,10.887489504617967,4260.0,-4800.0
60,1.5,0.5,3,2.0,0.65,3,0,0.9528268860493598,0.4786036036036036,-0.2834670262846262,-0.42326331208047446,-0.45677966101696066,-4042.500000000102,0.08688822345491139,8850.0,888,192.12352941176468,-185.08639308855314,-4.552364864864985,10.481981981981981,3385.0,-2215.0
60,1.5,0.5,3,2.0,0.65,5,30,0.9430041204924097,0.46215596330275227,0.2401168954295547,0.3419481698738826,-0.5415856031128603,-5567.500000000204,0.09680760900273096,10280.0,872,228.5732009925559,-208.2782515991476,-6.384747706422248,12.07454128440367,3385.0,-3370.0
60,1.5,0.5,2,3.0,0.65,5,0,0.9488137449644486,0.49210963455149503,-1.1664887367902514,-1.4272599653776201,-0.7659027777777915,-27572.500000000495,0.3449432280937096,36000.0,4816,215.65295358649783,-220.22485690923972,-5.725186877076514,12.308347176079733,4125.0,-8780.0
60,1.5,0.5,3,2.0,0.65,5,0,0.9283292498824443,0.4604072398190045,0.07278567440019999,0.10307441309153381,-0.5867098865478285,-7240.000000000204,0.1162067991336284,12340.0,884,230.41154791154798,-211.77672955974893,-8.19004524886901,12.023755656108598,3385.0,-3370.0
60,2.0,0.3,2,4.0,0.65,3,0,1.089471186798123,0.4927007299270073,1.5159465514298807,2.752383038009341,1.2576581027667983,12727.5,0.10065645514223195,10120.0,1096,287.0,-255.8498201438849,11.612682481751825,24.343065693430656,5075.0,-2985.0
60,1.5,0.5,3,2.0,0.75,5,30,0.9403057060176581,0.46175373134328357,0.452033208116191,0.6509265139399176,-0.6143566246659197,-8045.000000000218,0.11847462227449561,13095.0,1072,256.0101010101011,-233.57019064124827,-7.504664179104681,15.497201492537313,3385.0,-3370.0
60,2.0,0.3,2,2.0,0.65,5,0,1.0737119520389466,0.4858156028368794,1.8845127432649096,3.3133346038892206,1.7089552238805672,9159.99999999984,0.0536,5360.0,1128,243.48083941605833,-214.25431034482784,8.12056737588638,19.58599290780142,3320.0,-2565.0
60,1.5,0.5,3,2.0,0.75,5,0,0.9085073068893516,0.45894160583941607,0.03807306666094339,0.05392639656409192,-0.8675354668426396,-13147.500000000204,0.1381620931716656,15155.0,1096,259.54771371769397,-242.32715008431748,-11.995894160584132,15.318430656934307,3385.0,-3370.0
60,1.5,0.5,3,3.0,0.65,3,0,0.9705394754722095,0.47850678733031676,0.27197990911754377,0.4120552714889818,-0.3517196625567983,-2710.000000000131,0.07373558543470979,7705.0,884,211.05791962174928,-199.53904555314548,-3.065610859728651,11.895927601809955,3385.0,-2730.0
60,1.5,0.5,3,3.0,0.65,3,30,0.9856572360650189,0.4793577981651376,0.4678090793471228,0.7302932069405733,-0.22001725625541768,-1275.0000000001455,0.05530899546647578,5795.0,872,209.6172248803826,-195.80396475770942,-1.462155963302914,11.954128440366972,3385.0,-2730.0
60,1.5,0.5,2,3.0,0.65,5,30,0.9568097809234577,0.49331896551724136,-0.9385278695803505,-1.1811290760149373,-0.7127192982456292,-21937.500000000466,0.2975206611570248,30780.0,4640,212.3154215814766,-216.04742662696742,-4.727909482758722,12.608620689655172,4125.0,-7025.0
60,1.5,0.5,3,3.0,0.65,5,30,0.957993926832793,0.4665898617511521,0.6960061746935717,1.0206700285936967,-0.6465133531157594,-4357.500000000218,0.06321812127749378,6740.0,868,245.37654320987644,-224.0496760259183,-5.020161290322832,13.476958525345623,3385.0,-3885.0
60,1.5,0.5,2,4.0,0.65,5,0,0.9513429000170724,0.49201898188093185,-1.1859125670541402,-1.4642545355604069,-0.739754098360659,-27075.000000000116,0.343968798458719,36600.0,4636,232.0780359491452,-236.28237791932074,-5.840163934426255,13.920405522001726,6635.0,-9355.0
60,1.5,0.5,3,4.0,0.65,3,0,0.9394580099528126,0.47613636363636364,-0.4263136320682331,-0.5616580703909073,-0.4480916030534496,-5870.000000000189,0.12682737922354537,13100.0,880,217.3926014319809,-210.31995661605248,-6.670454545454764,13.168181818181818,3385.0,-4160.0
60,1.5,0.5,2,4.0,0.65,5,30,0.9495175618810126,0.49350358422939067,-1.168138619249316,-1.423056998298986,-0.7512651110486414,-26722.500000000175,0.33561353021654006,35570.0,4464,228.15251929187482,-234.11875276426375,-5.986223118279607,14.275537634408602,6635.0,-9020.0
60,1.5,0.5,3,3.0,0.75,3,30,0.9845283781054319,0.4795539033457249,0.6931323809974757,1.0897622125675102,-0.20286016949154237,-1915.00000000016,0.08633619901225535,9440.0,1076,236.16279069767424,-221.02678571428584,-1.779739776951827,15.386617100371748,3670.0,-2845.0
60,1.5,0.5,3,3.0,0.65,5,0,0.9396347413913266,0.4659090909090909,0.4688298433584627,0.6756565766488811,-0.6983870967742171,-6495.000000000218,0.08722975191108193,9300.0,880,246.5853658536584,-228.92553191489395,-7.3806818181820715,13.415909090909091,3385.0,-3885.0
60,1.5,0.5,2,3.0,0.75,5,30,0.9634061222454879,0.4945158850226929,-1.1073518589404279,-1.4146176840730111,-0.7023923444976096,-22020.00000000006,0.29897005531184434,31350.0,5288,221.69024856596562,-225.1178451178452,-4.1641452344932,12.032526475037821,6795.0,-7025.0
60,2.0,0.3,2,3.0,0.65,3,0,1.0832213196189588,0.4919928825622776,1.8650764846593357,3.477488283609568,1.46602608098834,10680.000000000058,0.07284271572842715,7285.0,1124,251.37884267631102,-224.7504378283712,9.501779359430653,21.55693950177936,4370.0,-2020.0
60,1.5,0.5,2,4.0,0.75,5,0,0.9774849151214025,0.4947209653092006,-1.0462838367106497,-1.3691606566315104,-0.33533544877605803,-14794.99999999968,0.38202441769850204,44120.0,5304,244.78658536585382,-245.1921641791045,-2.7894042232276925,13.399886877828054,8260.0,-9355.0
60,1.5,0.5,2,4.0,0.75,3,30,0.9559321433787578,0.4956140350877193,-1.515683717275035,-1.902367112860116,-0.6338808250572823,-24892.499999999476,0.3821711838839959,39270.0,5244,207.76260100038502,-213.56049149338384,-4.746853546910657,11.824561403508772,5700.0,-7455.0
60,1.5,0.5,2,3.0,0.75,5,0,0.9693299594983118,0.49329224075416966,-1.0792435374276281,-1.3812284759258924,-0.5940819423368745,-19575.000000000015,0.31042441942625654,32950.0,5516,227.36861447997063,-228.35241502683368,-3.5487672226250933,11.745649021029731,6795.0,-8780.0
60,1.5,0.5,3,2.0,0.75,3,0,0.9321024419297196,0.4746376811594203,-0.05762291451164276,-0.08772801038780688,-0.660935625749706,-8265.000000000073,0.11639054355919583,12505.0,1104,216.5314885496184,-209.87500000000017,-7.4864130434783265,13.644927536231885,3670.0,-2845.0
60,1.5,0.5,3,4.0,0.65,5,30,0.9743883613229154,0.4756944444444444,0.2857970348215298,0.388904169520888,-0.29918032786887155,-2737.5000000001746,0.0866190183177924,9150.0,864,253.40024330900246,-235.94922737306888,-3.1684027777779855,14.756944444444445,3385.0,-4160.0
60,2.0,0.3,2,4.0,0.65,5,30,1.0450912965564,0.49535315985130113,1.2348246186448621,2.039860138055272,0.8663151364764196,6982.499999999942,0.07787815836513841,8060.0,1076,303.6303939962476,-285.1795580110498,6.489312267657933,25.929368029739777,5075.0,-4355.0
60,2.0,0.3,2,4.0,0.75,3,0,1.08985921067511,0.4908256880733945,1.4321621901651804,2.3500136011716397,1.379557291666663,15892.499999999956,0.11075325674181609,11520.0,1308,300.23753894080994,-265.55555555555566,12.150229357798132,21.96559633027523,5075.0,-5405.0
60,2.0,0.3,3,3.0,0.75,5,0,1.2044174325526233,0.48333333333333334,1.7199884905564893,3.2367099333766927,1.7367758186397948,6894.999999999985,0.03931666254023273,3970.0,180,466.9540229885056,-362.68817204301075,38.30555555555549,38.41111111111111,3385.0,-2540.0
60,1.5,0.5,3,4.0,0.65,5,0,0.9522748249701701,0.4748858447488584,0.07072408778330516,0.0950073690396549,-0.4431438127090459,-5300.000000000189,0.11322005017276471,11960.0,876,254.2127403846154,-241.41847826087,-6.050228310502499,14.691780821917808,3385.0,-4160.0
60,2.0,0.3,2,2.0,0.65,3,30,1.0632573818057678,0.4885964912280702,1.7967170491990216,3.040909652914765,0.9515404364569794,7412.499999999869,0.0779,7790.0,1140,223.68491921005375,-200.99485420240148,6.50219298245603,18.219298245614034,3375.0,-2020.0
60,1.5,0.5,3,4.0,0.75,3,0,0.8948538754764916,0.47610294117647056,-0.3952519620197102,-0.5277904214800314,-1.0006718172657174,-14895.000000000204,0.14399729128373803,14885.0,1088,244.72007722007726,-248.5263157894741,-13.690257352941359,16.61764705882353,3670.0,-4160.0
60,1.5,0.5,3,4.0,0.75,5,30,0.9446555087791342,0.4772727272727273,0.3729410658840736,0.5137012469461885,-0.7500000000000175,-8085.000000000189,0.10107829348335677,10780.0,1056,273.80952380952385,-264.6467391304352,-7.656250000000181,18.40719696969697,3385.0,-4160.0
60,1.5,0.5,3,4.0,0.65,3,30,0.9571386580445161,0.4769585253456221,-0.24305332980273947,-0.3252762882648501,-0.37617260787994405,-4010.0000000002037,0.10320456965824377,10660.0,868,216.29830917874395,-206.0737885462559,-4.619815668202998,13.23041474654378,3385.0,-4160.0
60,1.5,0.5,3,4.0,0.75,3,30,0.9391929561489497,0.4783834586466165,0.0824373246076414,0.11446684305474733,-0.6510909839440279,-7907.500000000218,0.11479748570348315,12145.0,1064,239.950884086444,-234.3108108108112,-7.431860902255848,16.838345864661655,3670.0,-4160.0
60,2.0,0.3,2,2.0,0.75,3,30,1.0815927712139402,0.491044776119403,1.903171584986648,3.1771107125322033,1.5532423208190929,11377.499999999854,0.07270471464019851,7325.0,1340,229.20972644376891,-204.46114369501478,8.490671641790938,15.86044776119403,3375.0,-3205.0
60,1.5,0.5,3,4.0,0.75,5,0,0.8938424880862794,0.475,-0.1846212687539263,-0.24622189478648263,-1.2457689477557166,-16930.00000000019,0.13095639604914477,13590.0,1080,277.87524366471746,-281.26984126984166,-15.675925925926101,18.164814814814815,3385.0,-4160.0
60,2.0,0.3,2,3.0,0.65,3,30,1.0412698412698418,0.49107142857142855,1.6683857427825075,3.018163721911972,0.7316403568977431,5330.000000000058,0.07284271572842715,7285.0,1120,244.50909090909096,-226.57894736842098,4.758928571428628,21.633928571428573,4370.0,-2020.0
60,2.0,0.3,2,2.0,0.75,5,30,1.0706789967490344,0.4893939393939394,1.8689448647492388,3.0457974654896978,1.8468309859154597,10489.99999999981,0.056413567065600634,5680.0,1320,245.98684210526315,-220.20400593471837,7.9469696969695525,17.221212121212123,3320.0,-3755.0
60,2.0,0.3,2,2.0,0.75,3,0,1.102117017154531,0.4896755162241888,1.9291201668019686,3.304274288053579,1.9788395904436722,14494.999999999898,0.07270471464019851,7325.0,1356,235.60240963855418,-205.12283236994227,10.689528023598742,15.767699115044248,3375.0,-3205.0
60,2.0,0.3,2,2.0,0.65,3,0,1.1059743040685215,0.48951048951048953,1.9894841803621803,3.52764796502949,1.5882541720153893,12372.499999999884,0.0779,7790.0,1144,230.57589285714275,-199.91438356164394,10.81512237762228,18.166083916083917,3375.0,-2020.0
60,2.0,0.3,2,2.0,0.75,5,0,1.0903007817675885,0.4880239520958084,1.9121311604021176,3.195614417498775,2.3996478873239155,13629.99999999984,0.056413567065600634,5680.0,1336,252.40797546012269,-220.6725146198833,10.202095808383113,17.11676646706587,3320.0,-3755.0
60,2.0,0.3,2,2.0,0.65,5,30,1.03350644663231,0.48487544483985767,1.6834831948683173,2.8211657951894042,0.7793843283581764,4177.499999999825,0.0536,5360.0,1124,236.43119266055044,-215.3324697754752,3.7166370106760027,19.637900355871885,3320.0,-2565.0
60,2.0,0.3,2,3.0,0.65,5,30,1.0479115698494614,0.49010791366906475,1.882103962420526,3.342414203438036,0.914451261077022,6707.499999999956,0.060335609114090645,7335.0,1112,269.1834862385321,-246.9091710758378,6.031924460431614,22.692446043165468,4185.0,-2565.0
60,2.0,0.3,2,4.0,0.65,3,30,1.024775434906295,0.49175824175824173,0.802289009020137,1.254388505739373,0.3549901185770765,3592.5000000000146,0.10065645514223195,10120.0,1092,276.71322160148975,-261.2657657657657,3.289835164835177,24.468864468864467,5075.0,-4355.0
60,2.0,0.3,2,3.0,0.75,3,0,1.0631220903804257,0.48952095808383234,1.5485041471720258,2.614404327561052,1.4139747191011318,10067.500000000058,0.07003737950029511,7120.0,1336,259.2660550458716,-233.85997067448676,7.535553892215618,18.941616766467067,3830.0,-2980.0
60,2.0,0.3,2,3.0,0.75,5,0,1.0813472638269885,0.48942598187311176,1.8429230596700044,3.099396489290703,1.9104323953328637,13917.499999999913,0.05881165738273997,7285.0,1324,285.50154320987656,-253.0880177514794,10.51170694864042,19.959214501510573,3830.0,-3530.0
60,2.0,0.3,3,3.0,0.75,3,0,1.231850117096018,0.5,1.7584187476323332,3.578939377345095,2.2239130434782526,7672.499999999971,0.034166872988363454,3450.0,180,452.9444444444443,-367.6944444444445,42.62499999999987,37.833333333333336,3385.0,-2020.0
60,2.0,0.3,2,4.0,0.65,5,0,1.103132149381964,0.4962962962962963,1.8870196342095045,3.5678532048147233,1.943548387096767,15664.999999999942,0.07787815836513841,8060.0,1080,312.6072761194029,-279.21415441176475,14.504629629629571,25.803703703703704,5075.0,-2985.0
60,2.0,0.3,3,4.0,0.65,3,30,1.122607489597782,0.5075757575757576,0.43543129713694995,0.5867094770187163,0.631428571428577,3315.000000000029,0.049774828158331355,5250.0,132,453.0223880597022,-415.9615384615387,25.113636363636605,53.28787878787879,3385.0,-4160.0
60,2.0,0.3,3,2.0,0.75,5,30,1.1341858340944952,0.46111111111111114,1.4631681450714564,2.640529212681455,1.169319826338644,4040.0000000000146,0.034204534204534204,3455.0,180,411.4156626506028,-310.3865979381445,22.44444444444453,36.18333333333333,3385.0,-2540.0
60,2.0,0.3,2,4.0,0.75,5,30,1.0818038804404817,0.4960691823899371,1.343980011609458,2.1091511180868987,1.9120050282840797,15209.999999999854,0.0671875,7955.0,1272,318.76782884310614,-290.0663026521063,11.957547169811209,23.44261006289308,5075.0,-5405.0
60,2.0,0.3,3,2.0,0.65,3,30,1.3025423728813552,0.4772727272727273,1.8458488669755593,5.394267736962776,4.538135593220339,5355.0,0.011019798281658572,1180.0,132,365.9523809523818,-256.52173913043555,40.568181818181856,46.00757575757576,3385.0,-915.0
60,2.0,0.3,2,3.0,0.75,3,30,1.0435329522475045,0.4909090909090909,1.5220076127056046,2.5438999844544585,0.9599719101123657,6835.000000000044,0.07003737950029511,7120.0,1320,252.84336419753092,-233.64211309523805,5.178030303030339,19.068181818181817,3830.0,-2980.0
60,2.0,0.3,2,3.0,0.65,5,0,1.086781609195402,0.4910394265232975,2.0696332796688055,3.7805436042193565,1.646898432174498,12079.999999999942,0.058989102899191764,7335.0,1116,276.05839416058393,-245.07042253521138,10.824372759856578,22.618279569892472,4185.0,-2565.0
60,2.0,0.3,3,2.0,0.65,5,30,1.3456591639871402,0.44696969696969696,2.1110641343583625,7.102994638391658,5.279017857142896,5912.500000000044,0.0112,1120.0,132,390.1271186440688,-234.31506849315093,44.791666666666956,47.49242424242424,3385.0,-915.0
60,2.0,0.3,3,2.0,0.65,3,0,1.3025423728813552,0.4772727272727273,1.8458488669755593,5.394267736962776,4.538135593220339,5355.0,0.011019798281658572,1180.0,132,365.9523809523818,-256.52173913043555,40.568181818181856,46.00757575757576,3385.0,-915.0
60,2.0,0.3,2,3.0,0.75,5,30,1.0632479646463893,0.4908256880733945,1.8084283529531933,3.01233171589806,1.463623884694564,10662.499999999898,0.059676428425148476,7285.0,1308,279.1978193146417,-253.12687687687702,8.151758409785858,20.093272171253822,3830.0,-3530.0
60,2.0,0.3,3,2.0,0.75,3,30,1.1130116065974338,0.4777777777777778,1.477642836800515,2.8849660764816565,1.1030664395229934,3237.4999999999854,0.02902061600830573,2935.0,180,370.75581395348894,-304.76063829787296,17.986111111111047,34.78333333333333,3385.0,-2020.0
60,2.0,0.3,2,4.0,0.75,5,0,1.1206864216054004,0.4945652173913043,1.9185103847286453,3.3180118307232345,3.060122282608678,22522.49999999987,0.06880433766476582,7360.0,1288,328.32417582417577,-286.66666666666686,17.48641304347816,23.275621118012424,5075.0,-5405.0
60,2.0,0.3,3,2.0,0.75,3,0,1.1130116065974338,0.4777777777777778,1.477642836800515,2.8849660764816565,1.1030664395229934,3237.4999999999854,0.02902061600830573,2935.0,180,370.75581395348894,-304.76063829787296,17.986111111111047,34.78333333333333,3385.0,-2020.0
60,2.0,0.3,3,2.0,0.75,5,0,1.1341858340944952,0.46111111111111114,1.4631681450714564,2.640529212681455,1.169319826338644,4040.0000000000146,0.034204534204534204,3455.0,180,411.4156626506028,-310.3865979381445,22.44444444444453,36.18333333333333,3385.0,-2540.0
60,2.0,0.3,2,4.0,0.75,3,30,1.046188818640335,0.49226006191950467,0.7996993832524218,1.181409017033459,0.705512152777774,8127.499999999956,0.11075325674181609,11520.0,1292,289.4496855345912,-268.235518292683,6.290634674922571,22.11996904024768,5075.0,-5405.0
60,2.0,0.3,3,4.0,0.75,5,0,1.1246012504785,0.49444444444444446,0.6268857390023138,0.8766774349563843,0.8909671532846742,4882.500000000015,0.053854847427644834,5480.0,180,495.14044943820267,-430.6043956043958,27.1250000000001,41.81111111111111,3385.0,-4160.0
60,2.0,0.3,3,3.0,0.65,5,30,1.3539236153751695,0.4772727272727273,2.234480279083216,5.905735461474618,4.314371257485039,7205.000000000015,0.0167,1670.0,132,437.5000000000002,-295.036231884058,54.58333333333346,49.95454545454545,3385.0,-1430.0
60,2.0,0.3,3,3.0,0.65,3,0,1.3144515380150898,0.5,2.05029548745722,5.136409749171377,3.7211538461538463,6772.5,0.016599024123307035,1820.0,132,428.93939393939405,-326.3257575757577,51.306818181818166,49.31818181818182,3385.0,-1430.0
60,2.0,0.3,3,3.0,0.75,5,30,1.2044174325526233,0.48333333333333334,1.7199884905564893,3.2367099333766927,1.7367758186397948,6894.999999999985,0.03931666254023273,3970.0,180,466.9540229885056,-362.68817204301075,38.30555555555549,38.41111111111111,3385.0,-2540.0
60,2.0,0.3,3,3.0,0.65,3,30,1.3144515380150898,0.5,2.05029548745722,5.136409749171377,3.7211538461538463,6772.5,0.016599024123307035,1820.0,132,428.93939393939405,-326.3257575757577,51.306818181818166,49.31818181818182,3385.0,-1430.0
60,2.0,0.5,2,2.0,0.75,3,0,1.1366014449703896,0.4896755162241888,2.094458994698371,3.807963209510227,2.6716641679160094,17819.99999999978,0.06631866766094954,6670.0,1356,223.30195783132518,-188.51517341040483,13.14159292035382,15.121681415929203,4230.0,-2875.0
60,2.0,0.5,2,3.0,0.65,3,0,1.1648664767079704,0.4991166077738516,2.377714693144298,4.621628319762965,3.1707731520815434,18659.999999999884,0.05884411558844116,5885.0,1132,233.3495575221239,-199.61640211640233,16.48409893992923,19.189929328621908,3830.0,-2020.0
60,2.0,0.3,3,3.0,0.65,5,0,1.3539236153751695,0.4772727272727273,2.234480279083216,5.905735461474618,4.314371257485039,7205.000000000015,0.0167,1670.0,132,437.5000000000002,-295.036231884058,54.58333333333346,49.95454545454545,3385.0,-1430.0
60,2.0,0.3,3,4.0,0.65,3,0,1.122607489597782,0.5075757575757576,0.43543129713694995,0.5867094770187163,0.631428571428577,3315.000000000029,0.049774828158331355,5250.0,132,453.0223880597022,-415.9615384615387,25.113636363636605,53.28787878787879,3385.0,-4160.0
60,2.0,0.5,2,2.0,0.75,3,30,1.104669298161161,0.491044776119403,1.9471409442809828,3.4620479865574683,2.037481259370278,13589.999999999753,0.06631866766094954,6670.0,1340,217.9749240121579,-190.37756598240492,10.141791044775935,15.251492537313434,4230.0,-2875.0
60,2.0,0.3,3,4.0,0.65,5,0,1.1485462047788138,0.48484848484848486,0.5958502374383946,0.8061345208029496,0.8286937901499023,3870.0000000000437,0.04426330505663239,4670.0,132,467.5390625000008,-383.1250000000001,29.31818181818216,53.77272727272727,3385.0,-4160.0
60,2.0,0.3,3,4.0,0.65,5,30,1.1485462047788138,0.48484848484848486,0.5958502374383946,0.8061345208029496,0.8286937901499023,3870.0000000000437,0.04426330505663239,4670.0,132,467.5390625000008,-383.1250000000001,29.31818181818216,53.77272727272727,3385.0,-4160.0
60,2.0,0.3,3,3.0,0.75,3,30,1.231850117096018,0.5,1.7584187476323332,3.578939377345095,2.2239130434782526,7672.499999999971,0.034166872988363454,3450.0,180,452.9444444444443,-367.6944444444445,42.62499999999987,37.833333333333336,3385.0,-2020.0
60,2.0,0.5,2,3.0,0.75,3,0,1.1634658409550565,0.4962797619047619,2.3476419146163683,4.5467659191010625,4.066340160284936,22832.499999999913,0.05521683548038155,5615.0,1344,243.6431784107946,-206.31831610044327,16.988467261904695,16.77529761904762,4230.0,-2875.0
60,2.0,0.5,2,4.0,0.75,3,0,1.1759016723755786,0.5015105740181269,2.223802847858666,4.159534781316026,3.364161849710975,26189.99999999994,0.07576273660649117,7785.0,1324,263.67469879518075,-225.59090909090926,19.780966767371556,18.069486404833835,4240.0,-3320.0
60,2.0,0.3,3,4.0,0.75,3,0,1.1137144642299284,0.5111111111111111,0.4950516963595936,0.6915192102381446,0.7274180655475619,4550.0,0.05903728173666824,6255.0,180,484.37500000000034,-454.6875000000002,25.27777777777779,41.43333333333333,3385.0,-4160.0
60,2.0,0.3,3,4.0,0.75,3,30,1.1137144642299284,0.5111111111111111,0.4950516963595936,0.6915192102381446,0.7274180655475619,4550.0,0.05903728173666824,6255.0,180,484.37500000000034,-454.6875000000002,25.27777777777779,41.43333333333333,3385.0,-4160.0
60,2.0,0.3,3,4.0,0.75,5,30,1.1246012504785,0.49444444444444446,0.6268857390023138,0.8766774349563843,0.8909671532846742,4882.500000000015,0.053854847427644834,5480.0,180,495.14044943820267,-430.6043956043958,27.1250000000001,41.81111111111111,3385.0,-4160.0
60,2.0,0.5,3,2.0,0.65,3,0,1.2815113931352746,0.48484848484848486,1.8604442046315137,5.524615595260091,4.357142857142857,4880.0,0.0112,1120.0,132,347.10937500000085,-254.9264705882361,36.96969696969697,45.45454545454545,3385.0,-915.0
60,2.0,0.5,2,3.0,0.65,5,30,1.0675680933852127,0.496415770609319,1.9510510670308774,3.4280966606268755,1.5272647317501917,8682.49999999984,0.05684431556844315,5685.0,1116,247.62184115523465,-228.6476868327405,7.780017921146815,20.683691756272403,3830.0,-2565.0
60,2.0,0.5,2,2.0,0.65,3,0,1.1382704098096137,0.48863636363636365,1.9826663816794887,3.605009332150311,2.009042196918924,14997.499999999767,0.07465,7465.0,1144,220.86314847942737,-185.41025641025664,13.109702797202598,17.456293706293707,3720.0,-2020.0
60,2.0,0.5,2,2.0,0.65,3,30,1.0921759493089649,0.48771929824561405,1.7653211603301582,3.108275440544334,1.344608171466812,10037.499999999753,0.07465,7465.0,1140,213.90737410071924,-186.46404109589065,8.804824561403295,17.50701754385965,3720.0,-2020.0
60,2.0,0.5,3,3.0,0.65,3,0,1.3837406874918308,0.5151515151515151,2.2437369636137703,7.739169897817616,6.016393442622951,7340.0,0.0122,1220.0,132,389.22794117647106,-298.86718750000045,55.60606060606066,47.09090909090909,3385.0,-855.0
60,2.0,0.5,3,3.0,0.75,3,0,1.276247636273945,0.5111111111111111,2.015345970547417,4.604522131400504,2.799999999999995,8399.999999999985,0.029741251115296918,3000.0,180,421.82065217391306,-345.5397727272729,46.666666666666586,36.06666666666667,3385.0,-2020.0
60,2.0,0.5,2,2.0,0.65,5,0,1.077442612082537,0.48226950354609927,1.7359941526209073,3.083404864285207,1.6702412868632293,9344.999999999767,0.05595,5595.0,1128,238.99816176470574,-206.6267123287674,8.284574468084898,19.06117021276596,3320.0,-2565.0
60,2.0,0.5,2,4.0,0.75,3,30,1.1183764940239038,0.5030581039755352,1.5161419666729683,2.415693085232643,2.2899807321772547,17827.499999999927,0.07576273660649117,7785.0,1308,255.96884498480247,-231.69230769230788,13.62958715596325,18.281345565749234,4240.0,-4630.0
60,2.5,0.3,2,2.0,0.65,3,0,1.1108550025210717,0.48046875,0.8079489110007169,1.3103760161297846,0.4660811629315672,3847.5000000000873,0.08255,8255.0,256,313.45528455284574,-260.95864661654093,15.029296875000338,26.2578125,3325.0,-2020.0
60,2.0,0.5,3,4.0,0.65,3,0,1.2812869647504137,0.5454545454545454,0.9924565996468092,1.45540506288486,1.1323809523809525,5945.0,0.04912280701754386,5250.0,132,376.11111111111154,-352.2500000000005,45.037878787878846,48.78787878787879,3385.0,-4160.0
60,2.5,0.3,2,4.0,0.65,5,30,1.0478531073446367,0.5201612903225806,-0.03527734735742719,-0.04736253448687884,0.22854830005398538,2117.5000000001746,0.09170089572920276,9265.0,248,359.4379844961246,-371.84873949579753,8.538306451613582,34.354838709677416,4685.0,-4305.0
60,2.0,0.5,2,2.0,0.65,5,30,1.0360298975883693,0.48131672597864766,1.507656622472223,2.5885710447812498,0.7797140303842275,4362.499999999753,0.05595,5595.0,1124,231.8715341959333,-207.68439108061776,3.881227758006901,19.11120996441281,3320.0,-2565.0
60,2.0,0.5,3,2.0,0.75,3,30,1.1140915593705285,0.4888888888888889,1.6611201206640263,3.350076201042723,1.0868824531516135,3189.9999999999854,0.02902061600830573,2935.0,180,353.9772727272732,-303.91304347826144,17.722222222222133,34.28888888888889,3385.0,-2020.0
60,2.5,0.3,2,2.0,0.75,5,0,1.0867501335073895,0.4967532467532468,0.44481266448345996,0.7204440561843438,0.46979434447301893,3655.0000000000873,0.0776563357788092,7780.0,308,299.26470588235344,-271.8225806451612,11.86688311688342,23.83116883116883,3355.0,-2540.0
60,2.0,0.5,2,2.0,0.75,5,30,1.0719259952187903,0.4871212121212121,1.7592035139304736,2.9834422380884438,1.9401869158878016,10379.999999999738,0.0531360182748175,5350.0,1320,240.58320373250376,-213.1683899556871,7.8636363636361635,16.784848484848485,3810.0,-3425.0
60,2.0,0.5,2,3.0,0.65,5,0,1.1097319837898143,0.4973214285714286,2.1585988269185137,3.906476332137833,2.46481970096743,14012.49999999984,0.05684431556844315,5685.0,1120,254.4165170556553,-226.81616341030224,12.511160714285571,20.613392857142856,3830.0,-2565.0
60,2.0,0.5,2,2.0,0.75,5,0,1.1004186984165256,0.48577844311377244,1.9147463258490691,3.3237256074116637,2.723364485981262,14569.999999999753,0.0531360182748175,5350.0,1336,246.01309707241901,-211.19723435225643,10.905688622754306,16.65868263473054,3810.0,-3425.0
60,2.0,0.5,2,3.0,0.65,3,30,1.117122056050172,0.49822695035460995,2.174902569561315,4.103696004201618,2.268903993203039,13352.499999999884,0.05884411558844116,5885.0,1128,226.61476868327404,-201.42226148409918,11.837322695035361,19.261524822695037,3830.0,-2020.0
60,2.0,0.5,2,3.0,0.75,5,0,1.128430559101352,0.4947289156626506,2.1134193426020773,3.7416055070999765,3.8002832861189444,20122.49999999981,0.051980562509203354,5295.0,1328,269.10578386605783,-233.50223546944883,15.152484939758896,18.125,4120.0,-3425.0
60,2.0,0.5,2,3.0,0.75,3,30,1.1309024416478426,0.4977409638554217,2.2112261042221006,4.205177128420814,3.251113089937649,18254.999999999898,0.05521683548038155,5615.0,1328,238.59304084720125,-209.07796101949043,13.74623493975896,16.938253012048193,4230.0,-2875.0
60,2.0,0.5,2,4.0,0.65,5,30,1.079010433949046,0.5045787545787546,1.562845684448199,2.4694114384861163,1.763786008230431,10714.999999999869,0.05391134578692816,6075.0,1092,265.57168784029045,-250.67467652495407,9.812271062270945,22.374542124542124,3870.0,-4630.0
60,2.0,0.5,2,3.0,0.75,5,30,1.0997152819987832,0.4961890243902439,1.9710606974293794,3.427142221941644,2.9433427762039304,15584.99999999981,0.051980562509203354,5295.0,1312,264.0245775729647,-236.4523449319216,11.878810975609612,18.28201219512195,4120.0,-3425.0
60,2.0,0.5,2,4.0,0.65,3,30,1.103764734673899,0.5045126353790613,1.660415919464026,2.6538280466568303,1.9921691464369502,12719.999999999927,0.06265024775548252,6385.0,1108,242.04830053667274,-223.28779599271425,11.480144404332062,20.61823104693141,3870.0,-4630.0
60,2.0,0.5,3,2.0,0.65,3,30,1.2815113931352746,0.48484848484848486,1.8604442046315137,5.524615595260091,4.357142857142857,4880.0,0.0112,1120.0,132,347.10937500000085,-254.9264705882361,36.96969696969697,45.45454545454545,3385.0,-915.0
60,2.0,0.5,3,2.0,0.65,5,0,1.3512202516295297,0.4621212121212121,2.0162282447333113,6.8984719863985555,4.6526104417670915,5792.500000000029,0.01245,1245.0,132,365.32786885245997,-232.2887323943666,43.88257575757598,46.52272727272727,3385.0,-915.0
60,2.0,0.5,2,4.0,0.65,3,0,1.1820287073353908,0.5053956834532374,2.565148464420465,5.26883428297095,3.4162098668754757,21812.499999999913,0.06265024775548252,6385.0,1112,252.0329181494663,-217.87272727272753,19.615557553956762,20.5044964028777,3870.0,-2505.0
60,2.0,0.5,3,2.0,0.65,5,30,1.3512202516295297,0.4621212121212121,2.0162282447333113,6.8984719863985555,4.6526104417670915,5792.500000000029,0.01245,1245.0,132,365.32786885245997,-232.2887323943666,43.88257575757598,46.52272727272727,3385.0,-915.0
60,2.0,0.5,2,4.0,0.75,5,30,1.1351240360776906,0.5046583850931677,1.760057064444803,2.89968964598984,3.5198098256735064,22209.999999999825,0.05344739962730815,6310.0,1288,287.0423076923077,-257.62931034482784,17.24378881987564,19.922360248447205,4130.0,-4630.0
60,2.0,0.5,2,4.0,0.65,5,0,1.145910290237466,0.5054744525547445,2.3833703355293276,4.567742836455704,3.2097844112769294,19354.999999999884,0.05940886699507389,6030.0,1096,274.37725631768956,-244.74169741697443,17.65967153284661,22.260036496350367,3870.0,-2985.0
60,2.0,0.5,2,4.0,0.75,5,0,1.184866842979272,0.5030674846625767,2.433165770979455,4.666264741389165,4.951812191103765,30057.499999999854,0.05771059136718007,6070.0,1304,293.6699695121951,-250.9104938271607,23.050230061349577,19.711656441717793,4130.0,-3320.0
60,2.5,0.3,2,3.0,0.65,5,30,1.1498226950354655,0.53515625,1.1345020340186638,1.7329822616378008,0.790856731461504,5492.5000000001455,0.0691251119737235,6945.0,256,307.6824817518254,-308.0672268907557,21.455078125000586,31.1015625,3755.0,-2565.0
60,2.0,0.5,3,2.0,0.75,5,30,1.1329038820139008,0.4722222222222222,1.3865654742555416,2.505615720109948,1.094972067039106,3920.0,0.03544203544203544,3580.0,180,393.11764705882393,-310.47368421052664,21.777777777777814,35.47222222222222,3385.0,-2540.0
60,2.0,0.5,3,3.0,0.65,3,30,1.3837406874918308,0.5151515151515151,2.2437369636137703,7.739169897817616,6.016393442622951,7340.0,0.0122,1220.0,132,389.22794117647106,-298.86718750000045,55.60606060606066,47.09090909090909,3385.0,-855.0
60,2.5,0.3,2,2.0,0.65,5,0,1.173422267829659,0.50390625,0.9081292789386957,1.4598025971276063,0.7716894977169063,5915.000000000087,0.07650845935020213,7665.0,256,310.2519379844968,-268.5629921259842,23.105468750000348,27.53125,3355.0,-2565.0
60,2.0,0.5,3,2.0,0.75,5,0,1.1329038820139008,0.4722222222222222,1.3865654742555416,2.505615720109948,1.094972067039106,3920.0,0.03544203544203544,3580.0,180,393.11764705882393,-310.47368421052664,21.777777777777814,35.47222222222222,3385.0,-2540.0
60,2.0,0.5,3,3.0,0.65,5,30,1.478787035749062,0.49242424242424243,2.5088737927458986,10.127330815969437,7.053278688524614,8605.00000000003,0.0122,1220.0,132,408.88461538461604,-268.24626865671667,65.18939393939414,48.31818181818182,3385.0,-855.0
60,2.0,0.5,3,3.0,0.65,5,0,1.478787035749062,0.49242424242424243,2.5088737927458986,10.127330815969437,7.053278688524614,8605.00000000003,0.0122,1220.0,132,408.88461538461604,-268.24626865671667,65.18939393939414,48.31818181818182,3385.0,-855.0
60,2.0,0.5,3,3.0,0.75,5,30,1.264635508055511,0.49444444444444446,1.8869077079081678,3.8155752157787335,2.356534090909091,8295.0,0.034860113889576626,3520.0,180,445.39325842696644,-344.45054945054966,46.08333333333332,37.21111111111111,3385.0,-2540.0
60,2.0,0.5,3,4.0,0.65,3,30,1.2812869647504137,0.5454545454545454,0.9924565996468092,1.45540506288486,1.1323809523809525,5945.0,0.04912280701754386,5250.0,132,376.11111111111154,-352.2500000000005,45.037878787878846,48.78787878787879,3385.0,-4160.0
60,2.0,0.5,3,4.0,0.65,5,30,1.379944917376064,0.5227272727272727,1.230241364761572,1.838791078864002,1.6247323340471123,7587.500000000015,0.04339342129715666,4670.0,132,399.38405797101507,-316.98412698412744,57.48106060606069,50.166666666666664,3385.0,-4160.0
60,2.0,0.5,3,3.0,0.75,3,30,1.276247636273945,0.5111111111111111,2.015345970547417,4.604522131400504,2.799999999999995,8399.999999999985,0.029741251115296918,3000.0,180,421.82065217391306,-345.5397727272729,46.666666666666586,36.06666666666667,3385.0,-2020.0
60,2.0,0.5,3,3.0,0.75,5,0,1.264635508055511,0.49444444444444446,1.8869077079081678,3.8155752157787335,2.356534090909091,8295.0,0.034860113889576626,3520.0,180,445.39325842696644,-344.45054945054966,46.08333333333332,37.21111111111111,3385.0,-2540.0
60,2.0,0.5,3,2.0,0.75,3,0,1.1140915593705285,0.4888888888888889,1.6611201206640263,3.350076201042723,1.0868824531516135,3189.9999999999854,0.02902061600830573,2935.0,180,353.9772727272732,-303.91304347826144,17.722222222222133,34.28888888888889,3385.0,-2020.0
60,2.0,0.5,3,4.0,0.65,5,0,1.379944917376064,0.5227272727272727,1.230241364761572,1.838791078864002,1.6247323340471123,7587.500000000015,0.04339342129715666,4670.0,132,399.38405797101507,-316.98412698412744,57.48106060606069,50.166666666666664,3385.0,-4160.0
60,2.5,0.3,2,2.0,0.65,3,30,0.9843826943369705,0.4765625,0.558705583038312,0.8188258293211385,-0.06723198061779681,-554.9999999999127,0.08255,8255.0,256,286.7418032786887,-265.2052238805965,-2.1679687499996625,26.3359375,3325.0,-2020.0
60,2.5,0.3,2,2.0,0.75,3,30,0.9470428840716327,0.474025974025974,0.1235990316133238,0.18107033887728316,-0.26851851851850633,-2247.499999999898,0.0837,8370.0,308,275.29109589041127,-261.975308641975,-7.297077922077612,22.72077922077922,3325.0,-2020.0
60,2.0,0.5,3,4.0,0.75,3,30,1.2048406139315218,0.5333333333333333,0.9163959785015877,1.3657767546898758,1.3219047619047537,6939.999999999956,0.04903105300023348,5250.0,180,425.2083333333333,-403.33333333333377,38.55555555555533,37.6,3385.0,-4160.0
60,2.0,0.5,3,4.0,0.75,5,30,1.2494509655433539,0.5166666666666667,1.0347156537015587,1.5564014026716992,1.7633832976445334,8234.99999999997,0.04354312354312354,4670.0,180,443.52150537634424,-379.45402298850615,45.74999999999986,38.855555555555554,3385.0,-4160.0
60,2.5,0.3,2,2.0,0.75,3,0,1.051790434991591,0.4772727272727273,0.41337666918844546,0.6698336312313481,0.25746714456393094,2155.000000000102,0.0837,8370.0,308,297.7210884353745,-258.4472049689438,6.996753246753557,22.655844155844157,3325.0,-2020.0
60,2.5,0.3,2,2.0,0.75,5,30,0.9820690458170833,0.4935064935064935,0.13407920311010832,0.19401323639955742,-0.09897172236502547,-769.9999999998981,0.0776563357788092,7780.0,308,277.45065789473733,-275.2724358974357,-2.4999999999996825,23.87012987012987,3355.0,-2540.0
60,2.0,0.5,3,4.0,0.75,3,0,1.2048406139315218,0.5333333333333333,0.9163959785015877,1.3657767546898758,1.3219047619047537,6939.999999999956,0.04903105300023348,5250.0,180,425.2083333333333,-403.33333333333377,38.55555555555533,37.6,3385.0,-4160.0
60,2.5,0.3,2,2.0,0.65,5,30,1.042672012601134,0.5,0.6523122236856788,0.9376565800189914,0.1943900848010551,1490.0000000000873,0.07650845935020213,7665.0,256,284.4335937500006,-272.7929687499999,5.820312500000364,27.578125,3355.0,-2565.0
60,2.0,0.5,3,4.0,0.75,5,0,1.2494509655433539,0.5166666666666667,1.0347156537015587,1.5564014026716992,1.7633832976445334,8234.99999999997,0.04354312354312354,4670.0,180,443.52150537634424,-379.45402298850615,45.74999999999986,38.855555555555554,3385.0,-4160.0
60,2.5,0.3,2,4.0,0.65,3,30,1.005018534359856,0.5161290322580645,-0.21706955984421034,-0.28863476961616313,0.023681377825639307,220.00000000018917,0.0919483347354877,9290.0,248,344.1992187500006,-365.3124999999991,0.8870967741943093,33.83870967741935,4685.0,-4305.0
60,2.5,0.3,2,3.0,0.65,3,0,1.3056081573197436,0.53515625,1.5553085090797811,2.8625369019495093,1.7182637182637468,10490.000000000175,0.060764407285756945,6105.0,256,327.11678832116854,-288.4453781512598,40.976562500000696,30.4609375,3755.0,-2020.0
60,2.5,0.3,2,3.0,0.65,3,30,1.1614740839721558,0.53125,1.358515908588129,2.300433492127016,0.9402129402129712,5740.000000000189,0.060764407285756945,6105.0,256,303.58455882353013,-296.2291666666659,22.421875000000746,30.6015625,3755.0,-2020.0
60,2.5,0.3,2,3.0,0.65,5,0,1.2895015158993202,0.5390625,1.3564409215419695,2.257646616078603,1.4780417566594861,10265.000000000131,0.0691251119737235,6945.0,256,331.32246376811645,-300.48728813559273,40.09765625000051,30.9921875,3755.0,-2565.0
60,2.5,0.3,2,3.0,0.75,3,0,1.1844603983325654,0.512987012987013,0.9632595772725304,1.6742737810714101,1.1619256017505704,7965.00000000016,0.06822932218572708,6855.0,308,323.70253164557016,-287.86666666666616,25.860389610390136,26.344155844155843,3755.0,-2020.0
60,2.5,0.3,2,3.0,0.75,3,30,1.0724058330049024,0.5097402597402597,0.7224625108009168,1.1614450402550491,0.46900072939462795,3215.0000000001746,0.06822932218572708,6855.0,308,303.29617834394963,-294.05629139072795,10.438311688312258,26.461038961038962,3755.0,-2020.0
60,2.5,0.3,2,3.0,0.75,5,30,1.0612739814615249,0.5162337662337663,0.5163163688070083,0.771139077077826,0.36939571150099165,2842.500000000131,0.07659002687369364,7695.0,308,309.63836477987456,-311.34228187919416,9.22889610389654,26.928571428571427,3755.0,-2540.0
60,2.5,0.3,2,3.0,0.75,5,0,1.1685200553250374,0.5194805194805194,0.783293368129315,1.2701114210693607,0.9896036387264608,7615.000000000116,0.07659002687369364,7695.0,308,330.01562500000034,-305.3209459459455,24.72402597402635,26.837662337662337,3755.0,-2540.0
60,2.5,0.3,3,3.0,0.65,3,0,1.400351185250218,0.5625,1.919188688728165,0.0,0.0,1140.0,0.0,0.0,16,443.05555555555503,-406.7857142857143,71.24999999999972,13.5,835.0,0.0
60,2.5,0.3,2,4.0,0.65,3,0,1.215203097154801,0.5201612903225806,0.7716972267386972,1.3492574885939954,0.9424111948331727,8755.000000000175,0.0919483347354877,9290.0,248,383.23643410852776,-341.86974789915894,35.3024193548394,33.53225806451613,4685.0,-2985.0
60,2.5,0.3,2,4.0,0.75,3,0,1.1402541952139846,0.5066666666666667,0.447035036410127,0.7594900203544285,0.6634570220761098,7062.500000000189,0.10535952887613204,10645.0,300,377.74671052631635,-340.23648648648583,23.54166666666728,29.106666666666666,4685.0,-2570.0
60,2.5,0.3,2,4.0,0.65,5,0,1.249480249480254,0.5241935483870968,0.9333207133866652,1.62729185786398,1.100917431192678,10200.00000000016,0.09170089572920276,9265.0,248,392.961538461539,-346.48305084745687,41.12903225806517,34.08064516129032,4685.0,-2985.0
60,2.5,0.3,3,2.0,0.65,3,0,1.528344671201811,0.5625,1.7973292997082666,0.0,0.0,1165.0,0.0,0.0,16,374.44444444444446,-315.0000000000006,72.81249999999972,10.75,850.0,0.0
60,2.5,0.3,2,4.0,0.75,5,0,1.1542646201670912,0.51,0.5351291590519436,0.8993426049112117,0.747645951035798,7940.000000000175,0.10511208986984709,10620.0,300,388.30065359477175,-350.13605442176805,26.466666666667226,29.586666666666666,4685.0,-2570.0
60,2.5,0.3,2,4.0,0.75,3,30,0.9724817791067127,0.5033333333333333,-0.5101909517684539,-0.6730573071766436,-0.1383278534523059,-1472.4999999997963,0.10535952887613204,10645.0,300,344.6192052980138,-359.1275167785227,-4.908333333332659,29.36,4685.0,-4305.0
60,2.5,0.3,2,4.0,0.75,5,30,0.9974012947934745,0.5066666666666667,-0.3926397630971077,-0.5210858879244432,-0.013418079096028756,-142.49999999982538,0.10511208986984709,10620.0,300,359.8190789473689,-370.5067567567561,-0.474999999999424,29.813333333333333,4685.0,-4305.0
60,2.5,0.3,3,2.0,0.75,3,0,0.6536369816451385,0.5,-0.32995703193310405,-0.36736048318032366,-1.261138613861386,-2547.5,0.0202,2020.0,24,400.62499999999926,-612.9166666666663,-106.14583333333353,8.333333333333334,850.0,-2020.0
60,2.5,0.3,3,3.0,0.65,5,0,1.400351185250218,0.5625,1.919188688728165,0.0,0.0,1140.0,0.0,0.0,16,443.05555555555503,-406.7857142857143,71.24999999999972,13.5,835.0,0.0
60,2.5,0.3,3,2.0,0.65,5,0,1.528344671201811,0.5625,1.7973292997082666,0.0,0.0,1165.0,0.0,0.0,16,374.44444444444446,-315.0000000000006,72.81249999999972,10.75,850.0,0.0
60,2.5,0.3,3,4.0,0.75,5,0,0.3892787524366469,0.4166666666666667,-1.520897734384855,-1.521521590869937,-1.0485274431057563,-7832.5,0.0747,7470.0,24,499.24999999999926,-916.0714285714279,-326.3541666666666,21.833333333333332,335.0,-4160.0
60,2.5,0.3,3,2.0,0.65,3,30,1.528344671201811,0.5625,1.7973292997082666,0.0,0.0,1165.0,0.0,0.0,16,374.44444444444446,-315.0000000000006,72.81249999999972,10.75,850.0,0.0
60,2.5,0.3,3,4.0,0.65,5,0,0.5513491743858244,0.4375,-1.0168294449658535,-1.0210049417243394,-0.6552941176470554,-2784.9999999999854,0.0425,4250.0,16,488.92857142857144,-689.7222222222213,-174.06249999999943,30.0,335.0,-4160.0
60,2.5,0.3,3,2.0,0.75,5,30,0.5594326241134753,0.5,-0.5162869487953542,-0.5539745949693127,-1.5285433070866141,-3882.5,0.0254,2540.0,24,410.83333333333275,-734.3749999999987,-161.77083333333306,8.833333333333334,850.0,-2540.0
60,2.5,0.3,3,3.0,0.75,3,0,0.6565841735410921,0.5,-0.25388810916720317,-0.2867116630686697,-1.3910891089108983,-2810.0000000000146,0.0202,2020.0,24,447.7083333333322,-681.875,-117.0833333333339,10.5,835.0,-2020.0
60,2.5,0.5,2,2.0,0.75,3,0,1.0797405570392995,0.4805194805194805,0.5768199019665236,0.9232891268091775,0.36991150442478565,3135.000000000058,0.08475,8475.0,308,286.8243243243244,-245.7187499999997,10.178571428571606,21.603896103896105,3325.0,-2020.0
60,2.5,0.3,3,3.0,0.65,3,30,1.400351185250218,0.5625,1.919188688728165,0.0,0.0,1140.0,0.0,0.0,16,443.05555555555503,-406.7857142857143,71.24999999999972,13.5,835.0,0.0
60,2.5,0.3,3,2.0,0.75,3,30,0.6536369816451385,0.5,-0.32995703193310405,-0.36736048318032366,-1.261138613861386,-2547.5,0.0202,2020.0,24,400.62499999999926,-612.9166666666663,-106.14583333333353,8.333333333333334,850.0,-2020.0
60,2.5,0.5,2,3.0,0.65,5,30,1.18578754578755,0.5234375,1.3871028712401685,2.204751123422933,1.068239258635237,6340.000000000131,0.05907235990843038,5935.0,256,301.977611940299,-279.7131147540979,24.765625000000533,28.4765625,3755.0,-2565.0
60,2.5,0.3,3,2.0,0.65,5,30,1.528344671201811,0.5625,1.7973292997082666,0.0,0.0,1165.0,0.0,0.0,16,374.44444444444446,-315.0000000000006,72.81249999999972,10.75,850.0,0.0
60,2.5,0.3,3,4.0,0.75,5,30,0.3892787524366469,0.4166666666666667,-1.520897734384855,-1.521521590869937,-1.0485274431057563,-7832.5,0.0747,7470.0,24,499.24999999999926,-916.0714285714279,-326.3541666666666,21.833333333333332,335.0,-4160.0
60,2.5,0.5,2,4.0,0.65,5,30,1.1453738658189334,0.532258064516129,0.36698405121080335,0.4701885936960388,0.8233308327082033,5487.500000000175,0.06596723907556787,6665.0,248,327.5378787878796,-325.4094827586201,22.127016129032985,30.387096774193548,3785.0,-4580.0
60,2.5,0.3,3,2.0,0.75,5,0,0.5594326241134753,0.5,-0.5162869487953542,-0.5539745949693127,-1.5285433070866141,-3882.5,0.0254,2540.0,24,410.83333333333275,-734.3749999999987,-161.77083333333306,8.833333333333334,850.0,-2540.0
60,2.5,0.3,3,3.0,0.75,3,30,0.6565841735410921,0.5,-0.25388810916720317,-0.2867116630686697,-1.3910891089108983,-2810.0000000000146,0.0202,2020.0,24,447.7083333333322,-681.875,-117.0833333333339,10.5,835.0,-2020.0
60,2.5,0.3,3,4.0,0.65,3,0,0.5513491743858244,0.4375,-1.0168294449658535,-1.0210049417243394,-0.6552941176470554,-2784.9999999999854,0.0425,4250.0,16,488.92857142857144,-689.7222222222213,-174.06249999999943,30.0,335.0,-4160.0
60,2.5,0.3,3,3.0,0.65,5,30,1.400351185250218,0.5625,1.919188688728165,0.0,0.0,1140.0,0.0,0.0,16,443.05555555555503,-406.7857142857143,71.24999999999972,13.5,835.0,0.0
60,2.5,0.3,3,3.0,0.75,5,30,0.5871632329635488,0.5,-0.39753850446453065,-0.43215508606027114,-1.5383858267716592,-3907.5000000000146,0.0254,2540.0,24,463.1249999999991,-788.75,-162.81250000000048,10.833333333333334,835.0,-2540.0
60,2.5,0.3,3,4.0,0.75,3,30,0.3992500493388589,0.4166666666666667,-1.519187681525049,-1.5198589685455466,-1.023537323470074,-7610.0,0.07435,7435.0,24,505.7499999999991,-904.8214285714279,-317.0833333333333,21.666666666666668,335.0,-4160.0
60,2.5,0.3,3,4.0,0.65,3,30,0.5513491743858244,0.4375,-1.0168294449658535,-1.0210049417243394,-0.6552941176470554,-2784.9999999999854,0.0425,4250.0,16,488.92857142857144,-689.7222222222213,-174.06249999999943,30.0,335.0,-4160.0
60,2.5,0.5,2,4.0,0.75,5,0,1.2438861344771923,0.5166666666666667,0.9128900776198275,1.5008532738832998,1.3647132169576277,10945.000000000175,0.0793784332162122,8020.0,300,360.1451612903232,-309.49999999999943,36.4833333333339,26.12,3785.0,-2570.0
60,2.5,0.3,3,3.0,0.75,5,0,0.5871632329635488,0.5,-0.39753850446453065,-0.43215508606027114,-1.5383858267716592,-3907.5000000000146,0.0254,2540.0,24,463.1249999999991,-788.75,-162.81250000000048,10.833333333333334,835.0,-2540.0
60,2.5,0.3,3,4.0,0.75,3,0,0.3992500493388589,0.4166666666666667,-1.519187681525049,-1.5198589685455466,-1.023537323470074,-7610.0,0.07435,7435.0,24,505.7499999999991,-904.8214285714279,-317.0833333333333,21.666666666666668,335.0,-4160.0
60,2.5,0.3,3,4.0,0.65,5,30,0.5513491743858244,0.4375,-1.0168294449658535,-1.0210049417243394,-0.6552941176470554,-2784.9999999999854,0.0425,4250.0,16,488.92857142857144,-689.7222222222213,-174.06249999999943,30.0,335.0,-4160.0
60,2.5,0.5,3,4.0,0.65,3,30,0.6435643564356427,0.625,-0.8461817116712065,-0.8510331658726183,-0.4326923076923077,-1800.0,0.04132929312999851,4160.0,16,324.99999999999955,-841.6666666666666,-112.50000000000028,21.5,335.0,-4160.0
60,2.5,0.5,2,2.0,0.65,3,0,1.1427915869980896,0.484375,0.8667202984466927,1.3683733412571604,0.5654149000605746,4667.500000000044,0.08255,8255.0,256,301.24999999999994,-247.63257575757535,18.232421875000178,25.0859375,3325.0,-2020.0
60,2.5,0.5,3,2.0,0.75,3,0,0.6237148732008204,0.5416666666666666,-0.39167823357261605,-0.43261530585051267,-1.3589108910891161,-2745.0000000000146,0.0202,2020.0,24,349.9999999999986,-663.1818181818178,-114.37500000000057,7.666666666666667,850.0,-2020.0
60,2.5,0.5,2,3.0,0.65,3,30,1.199087105363261,0.515625,1.64488815505283,2.9741186591854962,1.2841020608439933,6542.5000000001455,0.05071165522046382,5095.0,256,298.52272727272793,-265.02016129032205,25.556640625000586,27.4765625,3755.0,-2020.0
60,2.5,0.5,2,2.0,0.65,5,30,1.060524142074043,0.49609375,0.6073417898955171,0.8682246250261064,0.2628832354859847,2015.0000000000728,0.07650845935020213,7665.0,256,278.01181102362233,-258.0813953488369,7.871093750000275,26.59375,3355.0,-2565.0
60,2.5,0.5,2,2.0,0.65,5,0,1.1982606018625435,0.5,0.898632989676525,1.4011694236732555,0.8401826484018341,6440.000000000058,0.07650845935020213,7665.0,256,304.0820312500003,-253.76953124999977,25.156250000000256,26.546875,3355.0,-2565.0
60,2.5,0.5,2,2.0,0.65,3,30,1.0079063175952874,0.48046875,0.5921689694163595,0.8658118667326467,0.03210175651121062,265.00000000004366,0.08255,8255.0,256,274.6544715447153,-252.01127819548827,1.0351562500001776,25.1640625,3325.0,-2020.0
60,2.5,0.5,2,4.0,0.75,3,30,1.0343831734960807,0.5066666666666667,-0.0018925161314019322,-0.0024166500518365977,0.2146258503401618,1577.5000000001892,0.07274706784777553,7350.0,300,312.22039473684276,-309.99999999999943,5.2583333333339475,25.293333333333333,3785.0,-4580.0
60,2.5,0.5,2,3.0,0.75,3,0,1.2219666832421714,0.5,1.3322998231255443,2.419905678822055,1.5004201680672464,8927.500000000116,0.05922165820642978,5950.0,308,319.1396103896108,-261.16883116883076,28.98538961039,23.66883116883117,3755.0,-2020.0
60,2.5,0.5,2,2.0,0.75,5,30,0.9940703091910225,0.4902597402597403,0.07596043596777416,0.11021449530011675,-0.03149100257068473,-244.99999999992724,0.0776563357788092,7780.0,308,272.0033112582783,-263.16878980891687,-0.7954545454543018,23.051948051948052,3355.0,-2540.0
60,2.5,0.5,2,2.0,0.75,3,30,0.9684269522979213,0.4772727272727273,0.2782018001708099,0.41196975385603185,-0.14955752212388693,-1267.4999999999418,0.08475,8475.0,308,264.47278911564626,-249.34782608695622,-4.115259740259563,21.66883116883117,3325.0,-2020.0
60,2.5,0.5,2,3.0,0.65,5,0,1.3375351203584216,0.52734375,1.6119665403456396,2.767415151946692,1.8723673125526734,11112.500000000116,0.05907235990843038,5935.0,256,326.1851851851857,-272.0867768595037,43.40820312500046,28.3671875,3755.0,-2565.0
60,2.5,0.5,2,2.0,0.75,5,0,1.1031907671418892,0.4935064935064935,0.41372489853053307,0.6561607162053462,0.5372750642673615,4180.000000000073,0.0776563357788092,7780.0,308,293.996710526316,-259.66346153846126,13.571428571428802,23.01298701298701,3355.0,-2540.0
60,2.5,0.5,2,3.0,0.75,5,0,1.198405720649437,0.5097402597402597,1.0065531450898162,1.6716551488983002,1.2658937920718178,8462.500000000102,0.06653727480840052,6685.0,308,325.5732484076436,-282.4668874172182,27.475649350649682,24.655844155844157,3755.0,-2540.0
60,2.5,0.5,2,3.0,0.75,3,30,1.100802316462572,0.4967532467532468,1.0994558483521704,1.8642130524573681,0.7021008403361565,4177.500000000131,0.05922165820642978,5950.0,308,298.16993464052337,-267.3709677419351,13.563311688312126,23.785714285714285,3755.0,-2020.0
60,2.5,0.5,2,3.0,0.65,3,0,1.3569058154235194,0.51953125,1.8453812138067973,3.592798957807506,2.2163886162905064,11292.500000000131,0.05071165522046382,5095.0,256,322.8007518796998,-257.2357723577231,44.11132812500053,27.3359375,3755.0,-2020.0
60,2.5,0.5,3,3.0,0.65,3,30,1.3372835004557901,0.625,1.858063018617823,0.0,0.0,925.0,0.0,0.0,16,366.75000000000045,-457.0833333333333,57.812500000000284,11.75,835.0,0.0
60,2.5,0.5,2,3.0,0.75,5,30,1.0841409189374103,0.5064935064935064,0.7404005253619758,1.1427907986937493,0.5519820493642658,3690.0000000001164,0.06653727480840052,6685.0,308,304.7756410256414,-288.5197368421048,11.980519480519872,24.746753246753247,3755.0,-2540.0
60,2.5,0.5,2,4.0,0.65,3,30,1.0963293310463176,0.5241935483870968,0.37197777568322676,0.48545348884275474,0.5959252971137843,3510.000000000189,0.0582966298807344,5890.0,248,307.28846153846246,-308.79237288135533,14.153225806452374,29.306451612903224,3785.0,-4580.0
60,2.5,0.5,3,2.0,0.65,5,0,1.4510489510489437,0.625,1.7342255563317595,0.0,0.0,967.4999999999854,0.0,0.0,16,311.2499999999991,-357.50000000000074,60.46874999999915,9.75,850.0,0.0
60,2.5,0.5,2,4.0,0.65,3,0,1.361901900398113,0.5282258064516129,1.5715582803958268,3.0294849831487594,2.044991511035683,12045.000000000175,0.0582966298807344,5890.0,248,346.0114503816803,-284.46581196581144,48.568548387097465,29.0,3785.0,-2505.0
60,2.5,0.5,2,4.0,0.75,3,0,1.2366881217086056,0.51,1.098441831259176,1.9051015357716397,1.3758503401360762,10112.50000000016,0.07274706784777553,7350.0,300,345.3431372549026,-290.646258503401,33.70833333333388,25.04,3785.0,-2570.0
90,1.5,0.3,2,2.0,0.65,3,30,1.037738996721501,0.5020283975659229,0.4052236803610265,0.5918864956138485,1.1013971210838,13007.49999999968,0.11315512120341094,11810.0,3944,180.64520202020208,-175.49389002036682,3.2980476673427184,11.120689655172415,4165.0,-4180.0
60,2.5,0.5,2,4.0,0.65,5,0,1.3946775249036631,0.5362903225806451,1.4909656683080423,2.572220129759737,2.036009002250589,13570.000000000175,0.06596723907556787,6665.0,248,360.5451127819557,-298.9782608695646,54.717741935484575,30.112903225806452,3785.0,-2985.0
60,2.5,0.5,2,4.0,0.75,5,30,1.0593356480281946,0.5133333333333333,-0.1252729659379078,-0.15873616929162782,0.35692019950126863,2862.5000000001746,0.0793784332162122,8020.0,300,331.85064935065,-330.4280821917803,9.54166666666725,26.346666666666668,3785.0,-4580.0
60,2.5,0.5,3,2.0,0.65,3,30,1.4510489510489437,0.625,1.7342255563317595,0.0,0.0,967.4999999999854,0.0,0.0,16,311.2499999999991,-357.50000000000074,60.46874999999915,9.75,850.0,0.0
60,2.5,0.5,3,2.0,0.65,5,30,1.4510489510489437,0.625,1.7342255563317595,0.0,0.0,967.4999999999854,0.0,0.0,16,311.2499999999991,-357.50000000000074,60.46874999999915,9.75,850.0,0.0
60,2.5,0.5,3,2.0,0.75,5,0,0.5338474721508131,0.5416666666666666,-0.5675970043125694,-0.605730006956065,-1.6062992125984252,-4080.0,0.0254,2540.0,24,359.42307692307566,-795.6818181818169,-170.00000000000009,8.166666666666666,850.0,-2540.0
60,2.5,0.5,3,2.0,0.65,3,0,1.4510489510489437,0.625,1.7342255563317595,0.0,0.0,967.4999999999854,0.0,0.0,16,311.2499999999991,-357.50000000000074,60.46874999999915,9.75,850.0,0.0
60,2.5,0.5,3,3.0,0.75,3,30,0.6255029402661709,0.5416666666666666,-0.31507758161426214,-0.3530581636134858,-1.4975247524752475,-3025.0,0.0202,2020.0,24,388.6538461538458,-734.3181818181819,-126.04166666666686,9.333333333333334,835.0,-2020.0
60,2.5,0.5,3,4.0,0.75,5,30,0.41311334904649577,0.5416666666666666,-1.377610755080308,-1.3802590370668966,-1.018215613382902,-6847.500000000015,0.06725,6725.0,24,370.7692307692299,-1060.6818181818182,-285.31250000000045,16.166666666666668,335.0,-4160.0
60,2.5,0.5,3,3.0,0.65,3,0,1.3372835004557901,0.625,1.858063018617823,0.0,0.0,925.0,0.0,0.0,16,366.75000000000045,-457.0833333333333,57.812500000000284,11.75,835.0,0.0
60,2.5,0.5,3,2.0,0.75,3,30,0.6237148732008204,0.5416666666666666,-0.39167823357261605,-0.43261530585051267,-1.3589108910891161,-2745.0000000000146,0.0202,2020.0,24,349.9999999999986,-663.1818181818178,-114.37500000000057,7.666666666666667,850.0,-2020.0
60,2.5,0.5,3,3.0,0.65,5,30,1.3372835004557901,0.625,1.858063018617823,0.0,0.0,925.0,0.0,0.0,16,366.75000000000045,-457.0833333333333,57.812500000000284,11.75,835.0,0.0
60,2.5,0.5,3,2.0,0.75,5,30,0.5338474721508131,0.5416666666666666,-0.5675970043125694,-0.605730006956065,-1.6062992125984252,-4080.0,0.0254,2540.0,24,359.42307692307566,-795.6818181818169,-170.00000000000009,8.166666666666666,850.0,-2540.0
60,2.5,0.5,3,3.0,0.65,5,0,1.3372835004557901,0.625,1.858063018617823,0.0,0.0,925.0,0.0,0.0,16,366.75000000000045,-457.0833333333333,57.812500000000284,11.75,835.0,0.0
60,2.5,0.5,3,3.0,0.75,5,0,0.5595619658119656,0.5416666666666666,-0.44949018069202673,-0.48593438565888264,-1.6230314960629921,-4122.5,0.0254,2540.0,24,402.88461538461524,-850.9090909090909,-171.7708333333334,9.666666666666666,835.0,-2540.0
60,2.5,0.5,3,4.0,0.65,5,30,0.6435643564356427,0.625,-0.8461817116712065,-0.8510331658726183,-0.4326923076923077,-1800.0,0.04132929312999851,4160.0,16,324.99999999999955,-841.6666666666666,-112.50000000000028,21.5,335.0,-4160.0
60,2.5,0.5,3,3.0,0.75,5,30,0.5595619658119656,0.5416666666666666,-0.44949018069202673,-0.48593438565888264,-1.6230314960629921,-4122.5,0.0254,2540.0,24,402.88461538461524,-850.9090909090909,-171.7708333333334,9.666666666666666,835.0,-2540.0
60,2.5,0.5,3,3.0,0.75,3,0,0.6255029402661709,0.5416666666666666,-0.31507758161426214,-0.3530581636134858,-1.4975247524752475,-3025.0,0.0202,2020.0,24,388.6538461538458,-734.3181818181819,-126.04166666666686,9.333333333333334,835.0,-2020.0
60,2.5,0.5,3,4.0,0.75,3,30,0.42441355343179726,0.5416666666666666,-1.3754108806600913,-1.378108329032949,-0.9902840059790754,-6625.000000000015,0.0669,6690.0,24,375.7692307692297,-1046.3636363636363,-276.04166666666725,16.0,335.0,-4160.0
60,2.5,0.5,3,4.0,0.65,5,0,0.6435643564356427,0.625,-0.8461817116712065,-0.8510331658726183,-0.4326923076923077,-1800.0,0.04132929312999851,4160.0,16,324.99999999999955,-841.6666666666666,-112.50000000000028,21.5,335.0,-4160.0
60,2.5,0.5,3,4.0,0.65,3,0,0.6435643564356427,0.625,-0.8461817116712065,-0.8510331658726183,-0.4326923076923077,-1800.0,0.04132929312999851,4160.0,16,324.99999999999955,-841.6666666666666,-112.50000000000028,21.5,335.0,-4160.0
90,1.5,0.3,2,3.0,0.65,3,0,1.0086396880751727,0.49897119341563784,-0.030865103283369093,-0.04173064114561127,0.2370431893687872,3567.5000000002474,0.14710194506890822,15050.0,3888,214.68427835051565,-211.97125256673513,0.9175668724280467,13.82638888888889,4900.0,-6090.0
90,1.5,0.3,2,2.0,0.75,3,30,1.0490466301680195,0.5044483985765125,0.47191439024164733,0.7039029600376036,1.3873264506941931,19484.99999999994,0.132194456209704,14045.0,4496,183.75661375661386,-178.31014362657103,4.333852313167249,10.388790035587188,5800.0,-4900.0
60,2.5,0.5,3,4.0,0.75,3,0,0.42441355343179726,0.5416666666666666,-1.3754108806600913,-1.378108329032949,-0.9902840059790754,-6625.000000000015,0.0669,6690.0,24,375.7692307692297,-1046.3636363636363,-276.04166666666725,16.0,335.0,-4160.0
60,2.5,0.5,3,4.0,0.75,5,0,0.41311334904649577,0.5416666666666666,-1.377610755080308,-1.3802590370668966,-1.018215613382902,-6847.500000000015,0.06725,6725.0,24,370.7692307692299,-1060.6818181818182,-285.31250000000045,16.166666666666668,335.0,-4160.0
90,1.5,0.3,3,2.0,0.65,3,0,0.9550080342795907,0.4778645833333333,0.04854408847098118,0.07831914400516085,-0.3920653442240577,-3360.0000000001746,0.0814716227778306,8570.0,768,194.33242506811973,-186.23441396508758,-4.375000000000231,11.787760416666666,3385.0,-1600.0
90,1.5,0.3,2,2.0,0.75,5,30,1.0223327432633682,0.5016158818097877,0.3762768834345863,0.5451915050300653,0.4939100173999568,9935.000000000131,0.18743884825047757,20115.0,4332,209.29475379659473,-206.05025474756843,2.2933979686057575,12.029778393351801,6500.0,-5505.0
90,1.5,0.3,2,2.0,0.65,5,0,1.0056484646893955,0.5005081300813008,-0.25347011512298423,-0.341725993863041,0.102161319073076,2292.4999999998254,0.2161329159643631,22440.0,3936,207.18527918781734,-206.44074262461868,0.5824441056910148,12.59375,4670.0,-4730.0
90,1.5,0.3,2,3.0,0.75,5,30,1.015695779019556,0.5033914728682171,0.5964205595490172,0.8924138650337818,0.47849462365592915,7787.500000000247,0.15172703118444972,16275.0,4128,242.5120307988452,-242.0256097560976,1.8865067829457949,13.721656976744185,6600.0,-4950.0
90,1.5,0.3,3,2.0,0.75,3,0,0.9024764355161903,0.47345132743362833,-0.20323130588814678,-0.31263000867127333,-0.8622047244094654,-9855.00000000019,0.10814646608004541,11430.0,904,213.07827102803722,-212.29516806722714,-10.90154867256658,16.045353982300885,3670.0,-2575.0
90,1.5,0.3,2,2.0,0.65,3,0,1.0299014587427675,0.5012254901960784,0.03387232460598093,0.04855842112113793,0.8400077760497373,10802.499999999622,0.1253044918639774,12860.0,4080,181.94254278728607,-177.52825552825573,2.6476715686273584,10.924509803921568,4165.0,-4180.0
90,1.5,0.3,2,2.0,0.65,5,30,1.016144589232193,0.5007894736842106,0.23865451044929503,0.3320938723524052,0.3091991073642378,6234.9999999998545,0.19101975086439635,20165.0,3800,206.2178139779297,-203.5832894043228,1.640789473684175,12.80342105263158,4670.0,-4730.0
90,1.5,0.3,3,4.0,0.65,5,30,1.1456464243115683,0.49027777777777776,1.332520399198702,2.1679713982931617,2.437934027777755,14042.499999999869,0.05387205387205387,5760.0,720,312.9107648725212,-262.71117166212565,19.50347222222204,19.169444444444444,3860.0,-3035.0
90,1.5,0.3,3,4.0,0.65,3,0,1.0674471028228898,0.4932795698924731,0.24510201924418099,0.34720114068025554,0.6835410176531597,6582.499999999927,0.0898278998181055,9630.0,744,283.86239782016344,-258.872679045093,8.847446236559042,17.89516129032258,3860.0,-4160.0
90,1.5,0.3,2,3.0,0.65,3,30,1.0146247065541536,0.4992012779552716,0.2556662649592991,0.35817302578126464,0.3607198748044019,5762.50000000032,0.15253509023202522,15975.0,3756,213.22000000000023,-209.47634237107926,1.5342119275826194,14.062034078807242,4900.0,-4635.0
90,1.5,0.3,2,2.0,0.75,3,0,1.0389442236991366,0.5034305317324185,0.19001781631962425,0.27694479730947363,1.2357708254805815,16392.499999999913,0.125853889943074,13265.0,4664,186.25000000000009,-181.74546632124364,3.5146869639793943,10.14794168096055,5800.0,-4900.0
90,1.5,0.3,2,2.0,0.75,5,0,1.0127870051794796,0.5011111111111111,0.07367245070684844,0.1048932507527907,0.30217990478577234,6030.000000000087,0.1877587504704554,19955.0,4500,211.79711751662984,-210.05456570155908,1.3400000000000223,11.772222222222222,6500.0,-5505.0
90,1.5,0.3,3,3.0,0.65,5,30,1.0837280155103153,0.4807692307692308,1.1695883846304305,1.9020680584907863,1.2209208400645946,7557.49999999984,0.056966685072703846,6190.0,728,279.4857142857141,-238.78968253968276,10.381181318681096,16.00824175824176,3385.0,-2755.0
90,1.5,0.3,2,4.0,0.75,5,30,1.0020203045217002,0.5020366598778004,0.09363031371631085,0.1381391319867942,0.05923721936706933,1095.0000000002765,0.16113847360850805,18485.0,3928,275.40187626774866,-277.09483640081805,0.2787678207740008,16.6280549898167,8940.0,-7165.0
90,1.5,0.3,3,2.0,0.65,5,0,0.954162261023632,0.4669312169312169,0.23104578831655048,0.3439891633421695,-0.43705722070846115,-4010.000000000131,0.08749761586877741,9175.0,756,236.4660056657225,-217.07816377171255,-5.3042328042329725,13.244708994708995,3385.0,-2755.0
90,1.5,0.3,2,3.0,0.75,3,30,1.0238488190353374,0.5,0.418678204856608,0.611628995493581,0.608138238573056,10910.000000000626,0.16370106761565836,17940.0,4244,220.7233741753066,-215.58199811498582,2.570688030160371,13.310320452403394,4900.0,-4355.0
90,1.5,0.3,2,3.0,0.75,3,0,1.022428977493361,0.49954627949183306,0.27334306231476585,0.38923789286451765,0.6672828096118649,10830.000000000568,0.15031257235471174,16230.0,4408,224.19959128065418,-218.88372620126924,2.4568965517242654,13.016107078039928,4900.0,-7055.0
90,1.5,0.3,3,2.0,0.65,5,30,0.9581363743795777,0.4673913043478261,0.2635549442238681,0.3956721457109373,-0.41336056009336586,-3542.5000000001455,0.08201349346858701,8570.0,736,235.69040697674427,-215.86734693877597,-4.813179347826285,13.408967391304348,3385.0,-2755.0
90,1.5,0.3,3,4.0,0.65,3,30,1.1315463453091552,0.4958563535911602,0.9781689541768509,1.5492118496606144,1.940199335548156,11679.999999999898,0.056417225059744155,6020.0,724,279.8607242339832,-243.26027397260293,16.132596685082735,18.00828729281768,3860.0,-3425.0
90,1.5,0.3,2,3.0,0.65,5,30,1.009427197201574,0.5032858707557503,0.44877222347985457,0.6370180193869457,0.24279279279279103,4042.499999999971,0.16055930568948892,16650.0,3652,235.50326441784557,-236.39057331863296,1.106927710843366,14.381982475355969,4370.0,-4860.0
90,1.5,0.3,3,3.0,0.65,3,0,1.0830015224265126,0.49867724867724866,0.8723349147896026,1.414248163244613,0.969562243502038,7087.499999999898,0.06679764243614932,7310.0,756,245.29840848806347,-225.3034300791557,9.374999999999874,14.462962962962964,3385.0,-2755.0
90,1.5,0.3,2,4.0,0.75,3,30,1.0066913950232146,0.498015873015873,-0.03529782005371474,-0.05199061820391746,0.1626462861237406,3405.0000000005093,0.18392268833735997,20935.0,4032,255.11329681274924,-251.41427865612644,0.8444940476191739,15.113343253968255,7975.0,-7555.0
90,1.5,0.3,2,4.0,0.65,3,30,1.0005036780208971,0.49887892376681614,-0.15980098098871995,-0.21663554845094482,0.01318613922110764,215.00000000016007,0.14856492027334853,16305.0,3568,239.929775280899,-238.73601789709178,0.06025784753367562,15.633688340807176,5760.0,-6220.0
90,1.5,0.3,3,4.0,0.75,3,0,1.051932342388518,0.4908256880733945,0.5008009817041503,0.7467110128387854,0.6071428571428488,6332.499999999913,0.09454314720812183,10430.0,872,299.69626168224295,-274.63400900900916,7.262041284403571,22.355504587155963,3860.0,-4160.0
90,1.5,0.3,3,2.0,0.65,3,30,0.9615922764796392,0.4772727272727273,0.19137432588052283,0.31754773615702137,-0.37783895388853256,-2745.000000000189,0.06925643469971401,7265.0,748,192.50700280112025,-182.78772378516655,-3.6697860962569457,11.93716577540107,3385.0,-1600.0
90,1.5,0.3,2,4.0,0.65,5,30,1.004267595667084,0.5025891829689298,0.013041719640758006,0.018019239640302012,0.13238770685578902,1959.9999999999563,0.13706429662546868,14805.0,3476,264.0154550658272,-265.63042220936967,0.5638665132335894,17.318469505178367,5040.0,-5830.0
90,1.5,0.3,2,3.0,0.75,5,0,1.0081341687259002,0.5025629077353215,0.2841862566504082,0.41019192948264155,0.26111449451889185,4287.500000000204,0.15541883577851395,16420.0,4292,246.3537320352343,-246.88407494145204,0.9989515377446867,13.459692451071762,6600.0,-7605.0
90,1.5,0.3,2,3.0,0.65,5,0,1.0055987748171658,0.502906976744186,0.011900482881526234,0.01600170714854162,0.14585140213934158,2522.4999999999127,0.16876463700234193,17295.0,3784,238.0806621124541,-239.52418926103147,0.666622621564458,14.174154334038056,4370.0,-6640.0
90,1.5,0.3,2,4.0,0.65,5,0,0.9898077727350176,0.5016685205784205,-0.5160265692623061,-0.6653247543642713,-0.2479276563677468,-4935.0,0.18786277193148035,19905.0,3596,265.66380266075396,-270.19670758928584,-1.372358175750838,17.13654060066741,5040.0,-7940.0
90,1.5,0.3,2,4.0,0.75,3,0,1.0011954291308205,0.4971291866028708,-0.36096655962584673,-0.5136758131501495,0.025589361273446205,635.0000000005675,0.22026451269305877,24815.0,4180,255.93118383060659,-252.70694576593715,0.15191387559822103,14.915311004784689,7975.0,-7555.0
90,1.5,0.3,3,2.0,0.75,3,30,0.9101656091203477,0.4727272727272727,0.17033404837973573,0.27577899647944965,-1.0949935815147869,-8530.00000000019,0.07437464197059385,7790.0,880,207.74639423076903,-204.63900862068988,-9.693181818182033,16.31477272727273,3670.0,-2575.0
90,1.5,0.3,2,4.0,0.75,5,0,0.9925870852507197,0.5007360157016683,-0.33347394494890137,-0.47436757690280684,-0.18367124482231126,-4212.499999999709,0.20198150594451783,22935.0,4076,276.3608525232731,-279.2457002457003,-1.033488714425833,16.40333660451423,8940.0,-7165.0
90,1.5,0.3,3,2.0,0.75,5,0,0.897003784915314,0.4594594594594595,-0.1377658470203757,-0.19885146070683338,-0.9749799839872014,-12177.500000000146,0.1197105477548282,12490.0,888,259.9387254901961,-246.31770833333366,-13.713400900901073,17.62274774774775,3385.0,-3095.0
90,1.5,0.5,2,2.0,0.65,5,0,1.0164281860919147,0.500253036437247,-0.0825332276219973,-0.11253091194324558,0.3311755567063517,6394.999999999651,0.18830757228533815,19310.0,3952,200.13404147698537,-197.0987341772154,1.6181680161942469,12.10754048582996,4670.0,-4730.0
90,1.5,0.3,3,2.0,0.75,5,30,0.9022048364153615,0.45949074074074076,0.12296258560411552,0.18238960795626316,-1.1122345803842413,-11000.000000000146,0.0947908180380505,9890.0,864,255.61712846347606,-240.85653104925083,-12.731481481481659,17.917824074074073,3385.0,-3095.0
90,1.5,0.3,2,4.0,0.65,3,0,0.9911378983202191,0.49837310195227763,-0.5478714807255629,-0.7008527213125701,-0.206878582595091,-3969.9999999997963,0.18534794996860965,19190.0,3688,241.56964091403714,-242.14864864864867,-1.076464208242894,15.480748373101953,5760.0,-7740.0
90,1.5,0.3,3,3.0,0.75,5,30,1.05530183329365,0.47769953051643194,1.2553073069209115,2.104682865870572,0.8290071382219093,6387.499999999811,0.07200934579439253,7705.0,852,299.4840294840293,-259.5561797752812,7.497065727699301,20.579812206572768,3385.0,-2755.0
90,1.5,0.3,3,3.0,0.75,3,30,1.0958964445640726,0.49421296296296297,1.268352784772396,2.2128035620865023,1.1512925969447572,9797.499999999884,0.07533640226628895,8510.0,864,262.2131147540981,-233.79290617848974,11.339699074073948,19.108796296296298,3670.0,-2755.0
90,1.5,0.5,3,3.0,0.65,5,30,1.0807163097776846,0.4849726775956284,1.2243297707083372,1.9547320280248044,1.0843799058084498,6907.499999999825,0.05955775793558039,6370.0,732,260.5211267605631,-226.99602122015938,9.436475409835817,14.986338797814208,3385.0,-2755.0
90,1.5,0.3,3,3.0,0.75,5,0,1.038088853677858,0.4771689497716895,1.0143527148002764,1.6536033226106268,0.4913522012578418,4687.499999999811,0.08518998080100014,9540.0,876,305.63397129186586,-268.7063318777295,5.351027397260051,20.25799086757991,3385.0,-2755.0
90,1.5,0.3,3,3.0,0.65,5,0,1.0700695932894058,0.4799465240641711,1.1787278880327963,1.904924940220829,1.1154170176916351,6619.9999999998545,0.05408730520368176,5935.0,748,281.6086350974928,-242.87275064267374,8.85026737967894,15.82620320855615,3385.0,-2755.0
90,1.5,0.3,3,3.0,0.65,3,30,1.1011103894095438,0.4986413043478261,0.9477023240304068,1.550738505595408,1.080304031725036,8172.499999999898,0.06931464174454828,7565.0,736,242.50681198910058,-219.04471544715452,11.103940217391163,14.633152173913043,3385.0,-2755.0
90,1.5,0.3,3,4.0,0.75,5,0,1.0610935554917158,0.4837962962962963,0.7962184349031772,1.199454741833963,0.8298647242455609,7974.99999999984,0.08887039348961946,9610.0,864,331.36961722488036,-292.68497757847564,9.23032407407389,23.67824074074074,3860.0,-4160.0
90,1.5,0.3,3,3.0,0.75,3,0,1.0722202034883712,0.49436936936936937,0.945063772478269,1.5914552828743627,0.73509015256587,7949.999999999884,0.09549247273851044,10815.0,888,268.8610478359907,-245.1670378619154,8.95270270270258,18.80855855855856,3670.0,-2755.0
90,1.5,0.3,3,4.0,0.75,3,30,1.1010319757806102,0.49295774647887325,1.1561678300477485,1.9128871807913543,1.4815294880103542,11429.999999999884,0.07148813936249074,7715.0,852,296.57738095238085,-261.8807870370372,13.415492957746347,22.556338028169016,3860.0,-3425.0
90,1.5,0.3,3,4.0,0.65,5,0,1.0867005172948092,0.4864864864864865,0.6558283457293214,0.9518233780340136,1.097465298732637,9092.499999999898,0.07748784137673026,8285.0,740,316.56944444444446,-275.980263157895,12.28716216216202,19.05135135135135,3860.0,-4160.0
90,1.5,0.3,3,4.0,0.75,5,30,1.1058731979030128,0.48696682464454977,1.396610571215625,2.331321725865244,1.43611111111109,12924.99999999981,0.08322929671244278,9000.0,844,328.47931873479314,-281.93995381062393,15.31398104265381,23.88862559241706,3860.0,-3035.0
90,1.5,0.5,3,4.0,0.65,5,30,1.134270691107687,0.494475138121547,1.4640959864856438,2.480718313533602,1.9701619778345774,11554.999999999796,0.05529367398887527,5865.0,724,272.66061452513947,-235.1297814207654,15.959944751380934,16.439226519337016,3860.0,-2755.0
90,1.5,0.5,2,2.0,0.65,5,30,1.02798245614035,0.5007861635220126,0.41323596989905126,0.5817940905726194,0.5492715231787918,10367.499999999694,0.1809943903725368,18875.0,3816,199.30272108843545,-194.48818897637815,2.716850104821724,12.31577568134172,4670.0,-4730.0
90,1.5,0.5,2,2.0,0.75,5,30,1.0309197309808718,0.5011488970588235,0.4874124605670246,0.7058952485659911,0.6957547169811321,13275.0,0.1797541099439446,19080.0,4352,202.9401650618983,-197.76024873330275,3.0503216911764732,11.579273897058824,6500.0,-5505.0
90,1.5,0.5,2,2.0,0.65,3,30,1.03485807185327,0.5002525252525253,0.3624998199679736,0.5202035691482625,0.9647232784114692,11417.499999999738,0.11501457725947521,11835.0,3960,171.10550227158004,-165.50909550277936,2.8832070707070026,10.537373737373738,4430.0,-4310.0
90,1.5,0.5,3,4.0,0.75,5,30,1.0430999203049924,0.4859154929577465,1.1528977607758137,1.9509022389643713,0.44074889867838973,5002.4999999997235,0.10681850265869841,11350.0,852,292.4396135265698,-264.99429223744335,5.871478873239107,21.124413145539908,3860.0,-2755.0
90,1.5,0.5,2,3.0,0.65,3,30,1.0509756562639045,0.5005224660397074,0.856699094691033,1.195745517275415,1.27167019027486,18045.000000000262,0.13487311092101512,14190.0,3828,194.17406054279763,-185.14252092050214,4.713949843260254,12.286311389759666,4430.0,-4290.0
90,1.5,0.5,2,4.0,0.75,5,30,1.035329739001292,0.5017073170731707,0.8084747482406356,1.2430983449035362,0.8445000000000087,16890.000000000175,0.1772421127259837,20000.0,4100,240.6210500729219,-234.00269211943228,4.119512195121992,13.588048780487805,6665.0,-5770.0
90,2.0,0.3,2,2.0,0.65,5,0,1.0282576505429402,0.4891304347826087,0.04191826557048087,0.05484277809290156,0.305469097376595,3434.999999999811,0.11162398252928331,11245.0,1012,252.51515151515136,-235.12572533849152,3.394268774703364,20.74802371541502,3320.0,-6005.0
90,1.5,0.5,2,4.0,0.75,3,30,1.0541648980715632,0.4995283018867924,0.9405859362982256,1.437726771391949,1.2648004286097223,23607.500000000466,0.1678356262925996,18665.0,4240,216.92752596789447,-205.39349670122525,5.567806603773691,12.887735849056604,5700.0,-5760.0
90,1.5,0.5,3,2.0,0.65,3,30,0.9995630484652049,0.48404255319148937,0.4268692417041834,0.7272791575226959,-0.004975124378140825,-30.000000000189175,0.057273115828465594,6030.0,752,188.5370879120877,-176.95231958762918,-0.039893617021530575,11.430851063829786,3385.0,-1600.0
90,1.5,0.5,2,2.0,0.65,3,0,1.0259048506105093,0.4990234375,-0.06465664823887557,-0.09082271254692004,0.7218167072181387,8899.99999999965,0.12179582160320047,12330.0,4096,172.43884540117418,-167.429337231969,2.1728515624999134,10.3359375,4430.0,-4310.0
90,1.5,0.5,3,3.0,0.75,5,0,0.9949264436203576,0.47737556561085975,0.7500486545746781,1.1853618758783335,-0.06404320987656417,-622.5000000002037,0.09052808046940486,9720.0,884,289.2713270142178,-265.5735930735934,-0.704185520362225,19.24660633484163,3385.0,-2755.0
90,1.5,0.5,3,2.0,0.65,3,0,0.9918922729836411,0.4844559585492228,0.32401358896139,0.5432795254668783,-0.0859491778774551,-575.0000000001746,0.06356294536817102,6690.0,772,188.08823529411748,-178.19095477386963,-0.7448186528499765,11.238341968911918,3385.0,-1600.0
90,1.5,0.5,2,3.0,0.75,3,30,1.0422114172519372,0.5013786764705882,0.7416469388489402,1.0767834011411639,1.09057071960301,17580.000000000524,0.14717429014881767,16120.0,4352,198.92529789184255,-191.9239631336405,4.039522058823653,11.555147058823529,4440.0,-4420.0
90,1.5,0.5,2,2.0,0.75,5,0,1.020520594745717,0.5004424778761062,0.18435962031529798,0.26230307741547954,0.49365750528540997,9339.999999999956,0.1800019027685282,18920.0,4520,205.34593280282942,-201.57329495128442,2.0663716814159216,11.325442477876106,6500.0,-5505.0
90,1.5,0.5,2,2.0,0.75,3,30,1.0376079036334396,0.5019876325088339,0.23337657228906294,0.3354037973741274,1.021940777738142,14322.500000000058,0.13430761859127935,14015.0,4528,173.84953805543344,-168.88580931263866,3.163096289752662,9.801236749116608,5800.0,-4900.0
90,1.5,0.5,2,3.0,0.65,5,30,1.0268630245447343,0.5032292787944026,0.7242257077381459,1.035602241465898,0.6435508345978632,10602.499999999796,0.15714421976344906,16475.0,3716,216.73262032085566,-213.80687973997846,2.853202368137728,12.719860064585577,4045.0,-4545.0
90,1.5,0.5,2,3.0,0.65,5,0,1.019393034166671,0.5025987525987526,0.19622547781024455,0.26517149361321923,0.43198282801179166,8049.999999999738,0.1790793772823371,18635.0,3848,218.79395036194416,-216.8743469174505,2.0919958419957725,12.529885654885655,4045.0,-5670.0
90,1.5,0.5,2,2.0,0.75,3,0,1.0271067720440104,0.5006388415672913,-0.0633228100084495,-0.08891623577120601,0.7480328429695519,10932.5,0.1412009081686875,14615.0,4696,176.19948957890267,-171.98827292110883,2.3280451448040855,9.559199318568995,5800.0,-4900.0
90,1.5,0.5,2,4.0,0.65,3,30,1.0564757902230015,0.49946351931330474,1.0615815080463311,1.547181885480438,1.6261332282223213,20627.500000000146,0.11731791907514451,12685.0,3728,207.23549946294324,-195.73687031082537,5.533127682403476,13.631974248927039,4340.0,-4910.0
90,1.5,0.5,2,3.0,0.75,5,30,1.026724400208623,0.50426944971537,0.778397724952922,1.1652430077866007,0.7586366440468882,12297.500000000058,0.15016211208893007,16210.0,4216,222.2283631232362,-220.17224880382784,2.916864326375723,12.143975332068312,5600.0,-5055.0
90,1.5,0.5,3,2.0,0.75,3,30,0.9431038239459615,0.4807692307692308,0.5143954912639347,0.8628835405656942,-0.7714180206794962,-5222.500000000189,0.06477229238423268,6770.0,884,203.68823529411745,-199.97821350762553,-5.907805429864472,15.823529411764707,3670.0,-2575.0
90,1.5,0.5,3,2.0,0.75,3,0,0.9331820409005318,0.4812775330396476,0.1574670856597631,0.2511482202460811,-0.677917320774485,-6477.500000000204,0.08922818321893823,9555.0,908,207.01372997711653,-205.82271762208094,-7.133810572687447,15.519823788546255,3670.0,-2575.0
90,1.5,0.5,2,3.0,0.65,3,0,1.0406399139611484,0.4994949494949495,0.44370419687477786,0.5968037023534366,1.0023209549071734,15115.000000000175,0.14594019161908448,15080.0,3960,195.67239635995966,-187.65136226034315,3.816919191919234,12.070707070707071,4430.0,-5120.0
90,1.5,0.5,3,2.0,0.65,5,30,0.9768680611664706,0.46621621621621623,0.4077344613359097,0.6162892500182525,-0.24156250000001636,-1932.500000000131,0.07615058778734948,8000.0,740,236.5507246376812,-211.50000000000037,-2.6114864864866676,13.06081081081081,3385.0,-2755.0
90,1.5,0.5,2,4.0,0.65,5,30,1.0297726951509523,0.49972375690607734,0.695394662407109,1.0112858520438348,0.7764423076922984,12112.499999999854,0.145123028978092,15600.0,3620,231.58927584300727,-224.64522363335192,3.3459944751380823,14.161049723756905,5040.0,-4910.0
90,2.0,0.3,2,3.0,0.65,5,0,1.055025942083625,0.49206349206349204,0.4771376970869699,0.660904980031144,0.5379080379080359,7662.499999999971,0.14076782449725778,14245.0,1008,296.1995967741936,-271.97753906250006,7.601686507936483,23.99702380952381,4075.0,-6005.0
90,1.5,0.5,3,2.0,0.65,5,0,0.9722238296394872,0.46578947368421053,0.3730709953210438,0.5589733511916103,-0.27890761185358703,-2400.0000000001164,0.08162587744261052,8605.0,760,237.30225988700573,-212.82019704433534,-3.1578947368422576,12.906578947368422,3385.0,-2755.0
90,1.5,0.5,2,3.0,0.75,5,0,1.0158539759995509,0.5031963470319635,0.38649005950401694,0.5576041392392237,0.4838006230529595,7765.0,0.150938073070955,16050.0,4380,225.74750453720517,-225.0838694852942,1.772831050228311,11.908904109589042,5600.0,-6635.0
90,1.5,0.5,2,3.0,0.75,3,0,1.038468972417401,0.50022143489814,0.5517292903470694,0.7787743586979433,1.07926634768743,16917.500000000466,0.14525320854376128,15675.0,4516,202.16356795042074,-194.8471422241914,3.7461248892826564,11.29096545615589,4440.0,-6085.0
90,1.5,0.5,3,3.0,0.65,3,0,1.0857262023164032,0.506578947368421,0.9179072716796925,1.4741497273313147,1.062003179650227,6679.999999999927,0.05896137982752156,6290.0,760,219.74675324675314,-207.7933333333334,8.789473684210428,13.110526315789473,3385.0,-2755.0
90,1.5,0.5,2,4.0,0.65,5,0,1.0141348144585658,0.4994652406417112,0.12437465658449041,0.16549393623728598,0.294765166340501,6024.99999999984,0.19386351780717978,20440.0,3740,231.41193790149902,-227.69898504273522,1.6109625668448766,13.990106951871658,5040.0,-7940.0
90,1.5,0.5,2,4.0,0.65,3,0,1.042413502220072,0.498960498960499,0.5068937860609491,0.6791167097342965,1.0508749189889919,16215.000000000146,0.14547683024560412,15430.0,3848,207.56380208333348,-198.2922717842324,4.213877338877377,13.440748440748441,4340.0,-7740.0
90,1.5,0.5,3,2.0,0.75,5,30,0.9159680863018305,0.45852534562211983,0.2533626240466415,0.3774793325361849,-1.0351605758582665,-9347.500000000146,0.08621348100057284,9030.0,868,256.0050251256281,-236.6755319148939,-10.769009216590025,17.60483870967742,3385.0,-3095.0
90,1.5,0.5,3,2.0,0.75,5,0,0.9100350457304032,0.4585201793721973,-0.012473938947493627,-0.01807237792035382,-0.8844537815126172,-10525.000000000146,0.11332254071040854,11900.0,892,260.30562347188265,-242.2153209109734,-11.79932735426025,17.319506726457398,3385.0,-3095.0
90,1.5,0.5,2,4.0,0.75,3,0,1.046427191966011,0.4986326344576117,0.5781001542056927,0.8483875237308842,0.9583143507972864,21035.000000000437,0.19908394177134825,21950.0,4388,216.68647166361995,-205.9431818181818,4.793755697356528,12.666818596171376,5700.0,-5760.0
90,1.5,0.5,3,3.0,0.65,3,30,1.1037288591506662,0.5067567567567568,0.9553034013694423,1.533861925919773,1.178380443086312,7712.499999999913,0.06133158412594293,6545.0,740,218.83999999999983,-203.70547945205487,10.422297297297172,13.31891891891892,3385.0,-2755.0
90,1.5,0.5,3,3.0,0.65,5,0,1.0669969660700849,0.48404255319148937,1.2404196755983905,1.9683179720696524,0.9840556009811676,6017.49999999984,0.056567992599444956,6115.0,752,263.28296703296684,-231.48840206185585,8.001994680850853,14.827127659574469,3385.0,-2755.0
90,1.5,0.5,3,3.0,0.75,3,0,1.0421676746116435,0.5,0.8518488287942857,1.434918138506297,0.4458375125376012,4444.999999999884,0.09114178626931163,9970.0,896,245.2176339285713,-235.29575892857156,4.960937499999873,17.450892857142858,3670.0,-2755.0
90,1.5,0.5,3,3.0,0.75,5,30,1.0089483515051456,0.47790697674418603,0.9919775863288254,1.6126671801938781,0.10729166666664393,1029.9999999997817,0.091324200913242,9600.0,860,282.56690997566886,-256.3585746102452,1.1976744186043946,19.54186046511628,3385.0,-2755.0
90,1.5,0.5,2,4.0,0.75,5,0,1.0253381510566753,0.5009416195856874,0.37689487257431264,0.5571287221810988,0.5353663701821324,12640.000000000146,0.21102024400053626,23610.0,4248,240.3630169172934,-235.30778301886804,2.9755178907721618,13.384416195856874,6665.0,-5770.0
90,1.5,0.5,3,3.0,0.75,3,30,1.0633550777978007,0.5,1.1620028363386428,2.0232353872512965,0.7834274952918875,6239.999999999884,0.07535834240030276,7965.0,872,240.2121559633026,-225.90022935779825,7.155963302752153,17.775229357798164,3670.0,-2755.0
90,2.0,0.3,3,2.0,0.65,3,30,1.1821643922564276,0.46153846153846156,1.0576767682069843,2.6210550075024504,1.1714285714285773,2870.0000000000146,0.0244926522043387,2450.0,104,388.0208333333341,-281.33928571428606,27.59615384615402,55.625,3385.0,-915.0
90,1.5,0.5,3,4.0,0.65,5,0,1.0853202181118335,0.4932795698924731,0.8067858193428413,1.181180759549819,0.8130412633723714,7979.999999999825,0.09222457129433874,9815.0,744,276.5940054495911,-248.09018567639293,10.725806451612659,16.303763440860216,3860.0,-4160.0
90,2.0,0.3,2,2.0,0.65,3,0,1.016733862227424,0.486328125,0.32279816342803624,0.4860555275013171,0.24353312302838565,1929.9999999999563,0.07861713208670205,7925.0,1024,235.47188755020076,-219.26806083650195,1.8847656249999623,19.279296875,3375.0,-2810.0
90,2.0,0.3,2,2.0,0.75,3,30,1.0136899433005073,0.48854961832061067,0.3868912532480824,0.56354455224602,0.16383928571428702,1835.0000000000146,0.11017657764005706,11200.0,1179,235.89409722222217,-222.2885572139303,1.5564037319762627,17.324003392705684,3130.0,-3205.0
90,1.5,0.5,3,4.0,0.65,3,0,1.0605696430717444,0.5053475935828877,0.35891499420385115,0.5141762693288202,0.45222072678329783,5039.9999999998545,0.10520602256100439,11145.0,748,233.4656084656084,-224.89189189189221,6.737967914438314,14.582887700534759,3860.0,-4160.0
90,1.5,0.5,3,4.0,0.75,3,0,1.0032377012321234,0.49886363636363634,0.37041377044088825,0.5585645728428295,0.029351814105160724,359.9999999997963,0.11538099717779868,12265.0,880,254.10022779043268,-252.13151927437676,0.40909090909068174,19.004545454545454,3860.0,-4160.0
90,1.5,0.5,3,4.0,0.75,3,30,1.0340074621545168,0.49883720930232556,0.9037010161747364,1.5251427943142186,0.3771744860305516,3577.4999999997817,0.08944737834779329,9485.0,860,253.55477855477838,-244.07772621809778,4.159883720929984,19.269767441860466,3860.0,-2755.0
90,1.5,0.5,3,4.0,0.65,3,30,1.1069381940622247,0.5054945054945055,1.0048387287477905,1.6519528209628118,1.2892271662763217,8257.49999999984,0.060441634424837215,6405.0,728,232.26902173913035,-214.49305555555588,11.342719780219568,14.774725274725276,3860.0,-2755.0
90,1.5,0.5,3,4.0,0.75,5,0,1.0115549619556397,0.48509174311926606,0.6204585463596565,0.9357578377952892,0.11851390618511731,1427.499999999738,0.11335937132370241,12045.0,872,295.4314420803781,-275.14476614699373,1.637041284403375,20.90137614678899,3860.0,-4160.0
90,2.0,0.3,3,2.0,0.65,3,0,1.2220211161387642,0.4732142857142857,1.2240592180181447,3.053628689522399,1.5020408163265424,3680.000000000029,0.0244926522043387,2450.0,112,382.16981132075546,-280.9322033898308,32.85714285714306,52.294642857142854,3385.0,-915.0
90,2.0,0.3,2,3.0,0.75,3,0,1.0153550566324245,0.49166666666666664,0.32723223538415647,0.4610102800760175,0.1673421141506307,2477.5000000000873,0.14454478886990482,14805.0,1200,277.66949152542384,-264.50409836065563,2.064583333333409,19.924166666666668,3830.0,-3395.0
90,2.0,0.3,3,3.0,0.65,5,0,1.277627715795656,0.5178571428571429,1.3708663558783982,2.801874420614663,1.3856975381008274,5910.000000000029,0.0426372088373488,4265.0,112,468.9224137931042,-394.2129629629632,52.76785714285743,57.017857142857146,3385.0,-1550.0
90,2.0,0.3,2,2.0,0.75,3,0,1.0095558402733296,0.4892739273927393,0.18719130591911556,0.2677289503465853,0.12407578558226046,1342.5000000000582,0.10643844375584083,10820.0,1212,239.1779089376055,-226.96284329563812,1.1076732673267815,16.667491749174918,3375.0,-3205.0
90,2.0,0.3,2,2.0,0.65,3,30,1.0117460530135547,0.48493975903614456,0.3043293887316694,0.45388487785093157,0.15833835039132876,1314.9999999999854,0.08238678636972373,8305.0,996,234.50828157349898,-218.2309941520468,1.3202811244979806,19.61244979919679,3130.0,-2810.0
90,2.0,0.3,2,2.0,0.65,5,30,1.0194896862687244,0.48577235772357724,-0.011302827474527044,-0.014652744352385949,0.19892473118277942,2312.499999999811,0.1153960690887433,11625.0,984,253.0648535564852,-234.49110671936782,2.3501016260160705,21.102642276422763,3050.0,-6005.0
90,2.0,0.3,2,2.0,0.75,5,30,1.0152328805587716,0.48586118251928023,0.031026489786896896,0.04045519058924287,0.14691943127960705,2169.9999999997963,0.14538832562260065,14770.0,1167,255.07054673721314,-237.4250000000001,1.859468723221767,18.69751499571551,3050.0,-6005.0
90,2.0,0.3,2,4.0,0.65,5,30,1.0552214678305851,0.5010504201680672,-0.009525435460972405,-0.012934448316887557,0.5895754228512254,8540.0,0.14198196432072144,14485.0,952,342.1174004192872,-325.57894736842104,8.970588235294116,27.692226890756302,4685.0,-6005.0
90,2.0,0.3,2,3.0,0.65,3,30,1.0455502315603766,0.49085365853658536,0.7784259810068912,1.2370576673645246,0.5711412770236358,5680.000000000058,0.09863135971437072,9945.0,984,269.93271221532103,-248.89720558882232,5.7723577235773025,22.875,4075.0,-3075.0
90,2.0,0.3,3,4.0,0.75,5,0,1.1055751765893052,0.50625,0.35469105578927435,0.4799909340215722,0.4926427310182512,4185.000000000044,0.08346023480866532,8495.0,160,541.0493827160495,-501.77215189873374,26.156250000000295,46.3125,3385.0,-4160.0
90,2.0,0.3,2,3.0,0.65,5,30,1.0466071891311588,0.49081632653061225,0.3492113194123338,0.4778651915362817,0.43028024606971776,6294.999999999971,0.14457236029448095,14630.0,980,293.88773388773393,-270.67134268537086,6.423469387755076,24.3765306122449,4075.0,-6005.0
90,2.0,0.3,2,3.0,0.65,3,0,1.0549431355044059,0.49209486166007904,0.929959802608903,1.5040607935238297,0.7403242677824329,7077.500000000058,0.09481305167112962,9560.0,1012,272.87650602409644,-250.61284046692603,6.99357707509887,22.530632411067195,4075.0,-3075.0
90,2.0,0.3,3,2.0,0.75,3,30,1.0127635435378657,0.45394736842105265,0.9485367324781298,1.6997003375189246,0.0791324736225122,337.50000000001455,0.04221100554235946,4265.0,152,388.1159420289858,-318.58433734939763,2.220394736842195,39.55921052631579,3385.0,-2020.0
90,2.0,0.3,2,2.0,0.75,5,0,1.0174720497944951,0.48833333333333334,-0.05543867054741197,-0.07258143057289955,0.17946490618484048,2582.4999999998545,0.14164779998031302,14390.0,1200,256.6382252559726,-240.72882736156367,2.152083333333214,18.02,3320.0,-6005.0
90,2.0,0.3,2,3.0,0.75,3,30,1.0413694955178958,0.4910025706940874,0.6738670481041191,1.0347795642636326,0.4162277814351566,6322.500000000029,0.14830363680742006,15190.0,1167,277.7530541012216,-257.2895622895622,5.417737789203108,20.682947729220224,5079.999999999927,-3395.0
90,2.0,0.3,2,3.0,0.75,5,30,1.0381595930453265,0.4892519346517627,0.27638785348421263,0.3822228998866678,0.31538654618473533,6282.499999999927,0.19448376861117891,19920.0,1163,300.3866432337433,-277.16750841750843,5.401977644024009,22.01633705932932,5154.999999999927,-6005.0
90,2.0,0.3,2,4.0,0.65,3,0,1.0192357765915898,0.4959514170040486,-0.3854565804772799,-0.5300075121664708,0.24152022885165747,2955.000000000029,0.12128872366790583,12235.0,988,319.54081632653066,-308.4738955823293,2.9908906882591393,25.80060728744939,5075.0,-4665.0
90,2.0,0.3,2,4.0,0.65,3,30,1.0497619704705397,0.4979253112033195,0.07236818623161556,0.10517098218996085,0.620430107526883,7212.500000000015,0.11524163568773234,11625.0,964,316.98437500000006,-299.46280991735534,7.481846473029063,25.978215767634854,4685.0,-3825.0
90,2.0,0.3,2,4.0,0.75,3,30,1.060515801984735,0.4969485614646905,0.19856979362759922,0.2882345899138623,0.6562111801242217,10564.99999999997,0.1576499388004896,16100.0,1147,324.8201754385964,-302.56932409012126,9.210985178727086,23.91891891891892,5079.999999999927,-5510.0
90,2.0,0.3,3,3.0,0.75,5,30,1.1418291550603539,0.4868421052631579,1.1136587884993787,1.913075432947672,0.6980198019802024,4582.500000000029,0.06499678233750804,6565.0,152,498.5472972972975,-414.23076923076906,30.148026315789682,43.96052631578947,3385.0,-2540.0
90,2.0,0.3,2,4.0,0.65,5,0,1.0262199228555684,0.4989754098360656,-0.409532751828431,-0.5385692170340217,0.2837032129844329,4282.500000000015,0.14796118408155265,15095.0,976,344.1735112936345,-334.00817995910023,4.387807377049191,27.4702868852459,5075.0,-6005.0
90,2.0,0.3,3,2.0,0.75,3,0,1.0420907840440172,0.4625,1.0882004497430913,1.9588321843623313,0.2690504103165333,1147.5000000000146,0.04221100554235946,4265.0,160,383.9189189189192,-317.0058139534884,7.171875000000114,38.03125,3385.0,-2020.0
90,2.0,0.3,2,4.0,0.75,5,30,1.0591041397153942,0.4977973568281938,0.06796905410600411,0.0934686884405209,0.568134715025903,10964.999999999927,0.1867169738306003,19300.0,1135,347.7610619469025,-325.47368421052624,9.66079295154179,25.380616740088104,5154.999999999927,-6005.0
90,2.0,0.3,3,2.0,0.65,5,30,1.2228787878787888,0.4807692307692308,1.049801992873363,2.430385134315158,1.2813588850174267,3677.5000000000146,0.028691392582225334,2870.0,104,403.55000000000064,-305.5555555555558,35.360576923077076,56.89423076923077,3385.0,-920.0
90,2.0,0.3,3,2.0,0.65,5,0,1.259093533487299,0.49107142857142855,1.2106294946223066,2.8200671389732843,1.563588850174221,4487.500000000015,0.028691392582225334,2870.0,112,396.5000000000007,-303.8596491228073,40.06696428571446,53.473214285714285,3385.0,-920.0
90,2.0,0.3,2,4.0,0.75,3,0,1.0243397132468959,0.4948805460750853,-0.38831629263673717,-0.5178682260048774,0.2654099341711576,4435.000000000044,0.16362301101591187,16710.0,1172,321.8060344827586,-307.7913851351351,3.784129692832799,23.34641638225256,5075.0,-5510.0
90,2.0,0.5,2,3.0,0.75,3,0,1.0394700571979885,0.49337748344370863,0.6502485442413829,0.9960842346513347,0.6076923076923201,5727.500000000116,0.09312320916905444,9425.0,1208,253.0830536912752,-237.10784313725475,4.741307947019962,18.02317880794702,3830.0,-3190.0
90,2.0,0.3,2,3.0,0.75,5,0,1.0138981093952952,0.4899665551839465,-0.03355472795871428,-0.04382413187637308,0.12324033785513182,2407.5,0.19072492067366364,19535.0,1196,299.7141638225256,-283.97540983606564,2.012959866220732,21.224916387959865,3830.0,-6005.0
90,2.0,0.3,3,3.0,0.65,3,30,1.2388472167390459,0.5,1.0433175488524185,2.125677698977838,1.1273291925465911,4537.500000000029,0.04023792862141357,4025.0,104,452.59615384615466,-365.33653846153874,43.62980769230797,58.82692307692308,3385.0,-1550.0
90,2.0,0.5,2,2.0,0.75,5,30,1.0335322687599677,0.48500428449014565,0.29082792946988384,0.4018359119139522,0.3324449182657993,4677.499999999796,0.13849788364996554,14070.0,1167,254.71731448763225,-232.10066555740443,4.008140531276599,18.351328191945157,4179.999999999927,-6005.0
90,2.0,0.3,3,2.0,0.75,5,30,1.054951743326668,0.46710526315789475,0.9466003482228965,1.6054994727180205,0.3035542747358365,1580.000000000029,0.05151425178147268,5205.0,152,427.21830985915506,-354.969135802469,10.394736842105413,40.66447368421053,3385.0,-2540.0
90,2.0,0.3,3,4.0,0.75,3,0,1.1078071618372782,0.50625,0.35098849179169966,0.4762034820112973,0.5226993865030728,4260.000000000044,0.08007073733850764,8150.0,160,540.4320987654322,-500.18987341772106,26.625000000000274,46.0625,3385.0,-4160.0
90,2.0,0.3,3,3.0,0.75,3,30,1.1485718922427792,0.48026315789473684,1.1175162488395927,2.03664117870445,0.7885443583118051,4577.500000000029,0.057472402356318994,5805.0,152,484.76027397260293,-389.99999999999983,30.115131578947548,42.828947368421055,3385.0,-2020.0
90,2.0,0.3,3,2.0,0.75,5,0,1.0808183278383643,0.475,1.072906048407385,1.8263464590104541,0.45917387127762327,2390.000000000029,0.05151425178147268,5205.0,160,420.559210526316,-352.0535714285713,14.93750000000017,39.08125,3385.0,-2540.0
90,2.0,0.3,3,3.0,0.65,3,0,1.2303967879074171,0.5089285714285714,1.2622288303409297,2.6090564115133392,1.211801242236032,4877.500000000029,0.04023792862141357,4025.0,112,456.97368421052704,-384.90909090909116,43.54910714285737,55.625,3385.0,-1550.0
90,2.0,0.3,2,4.0,0.75,5,0,1.025032358270774,0.4956896551724138,-0.4582658203938269,-0.5920025333204615,0.24284279256654948,4835.0,0.1926183911381996,19910.0,1160,344.32173913043476,-330.1709401709401,4.168103448275866,24.770689655172415,5075.0,-6005.0
90,2.0,0.3,3,4.0,0.65,5,30,1.3209374626330284,0.5384615384615384,0.8369961672354789,1.3138737753208194,1.1267842149454312,6710.000000000044,0.05921248881376156,5955.0,104,493.16964285714346,-435.5729166666665,64.51923076923116,62.90384615384615,3385.0,-2940.0
90,2.0,0.3,3,4.0,0.65,3,0,1.1277076662271632,0.5267857142857143,0.02130597165086125,0.027593962235362524,0.6005314437555436,3390.0000000000437,0.056130058665606046,5645.0,112,507.3728813559327,-500.84905660377325,30.26785714285757,60.05357142857143,3385.0,-4160.0
90,2.0,0.3,3,3.0,0.65,5,30,1.2913941930421151,0.5096153846153846,1.1550474772240495,2.327770843201364,1.3059788980070408,5570.000000000029,0.0426372088373488,4265.0,104,465.754716981133,-374.80392156862774,53.557692307692655,60.32692307692308,3385.0,-1550.0
90,2.0,0.3,3,3.0,0.75,5,0,1.1427535706517808,0.49375,1.2879535234958663,2.2317036961826426,0.7498095963442543,4922.500000000029,0.06499678233750804,6565.0,160,498.7974683544306,-425.7098765432097,30.76562500000017,42.4625,3385.0,-2540.0
90,2.0,0.3,3,3.0,0.75,3,0,1.1490942166300318,0.4875,1.297896222669807,2.3875878224925047,0.847114556416887,4917.500000000029,0.057472402356318994,5805.0,160,485.89743589743597,-402.22560975609736,30.734375000000142,41.3875,3385.0,-2020.0
90,2.0,0.5,2,4.0,0.65,3,30,1.0782188399835464,0.492827868852459,1.1772774236575858,2.1756292488866005,1.5952181208053788,9507.500000000058,0.058574938574938576,5960.0,976,272.4688149688151,-245.55555555555554,9.741290983606614,22.34016393442623,4685.0,-2095.0
90,2.0,0.5,2,2.0,0.75,5,0,1.0142938427849706,0.4875,-0.039740500718546075,-0.05275414225238785,0.15138787436083564,2072.49999999984,0.1347573580076779,13690.0,1200,251.39316239316224,-235.76016260162612,1.7270833333332007,17.679166666666667,3320.0,-6005.0
90,2.0,0.3,3,4.0,0.75,3,30,1.2191831318195234,0.5131578947368421,1.0686492718763752,1.7036476315687925,0.9119631901840527,7432.500000000029,0.08007073733850764,8150.0,152,530.0320512820514,-458.24324324324283,48.8980263157897,47.03947368421053,3385.0,-2940.0
90,2.0,0.5,3,3.0,0.75,5,30,1.2114845938375363,0.4934210526315789,1.2963199606636395,2.327120404479707,1.0713689482470834,6417.500000000029,0.05930399485174001,5990.0,152,490.16666666666686,-394.09090909090884,42.220394736842294,43.35526315789474,3385.0,-2540.0
90,2.0,0.5,3,2.0,0.75,3,0,1.0281076066790356,0.46875,1.2212454045335877,2.34208242056323,0.17760844079718982,757.5000000000146,0.04221100554235946,4265.0,160,369.43333333333345,-317.0588235294117,4.734375000000085,37.7,3385.0,-2020.0
90,2.0,0.3,3,4.0,0.65,3,30,1.3133954154727812,0.5384615384615384,0.827397586229143,1.3057802023883291,1.1625332152347287,6562.500000000044,0.056130058665606046,5645.0,104,491.11607142857196,-436.24999999999983,63.1009615384619,62.55769230769231,3385.0,-2940.0
90,2.0,0.3,3,4.0,0.75,5,30,1.2161745262230073,0.5131578947368421,1.0697893814868682,1.6947546880533788,0.8660977045320828,7357.500000000044,0.08346023480866532,8495.0,152,530.6730769230771,-459.93243243243205,48.404605263158146,47.30263157894737,3385.0,-2940.0
90,2.0,0.3,3,4.0,0.65,5,0,1.1334276284771354,0.5267857142857143,0.031538708582370026,0.040780467945791224,0.5940386230058847,3537.5000000000437,0.05921248881376156,5955.0,112,509.3220338983056,-500.23584905660346,31.584821428571875,60.375,3385.0,-4160.0
90,2.0,0.5,2,2.0,0.65,3,30,1.023609823911029,0.4819277108433735,0.3930653488579765,0.6247125122922648,0.3330065359477124,2547.5,0.07588909280293636,7650.0,996,230.09895833333331,-209.1085271317829,2.5577309236947836,19.110441767068274,3425.0,-2810.0
90,2.0,0.5,2,3.0,0.65,5,30,1.065882305780485,0.4959349593495935,0.5989008077947966,0.8243389270631978,0.6457760314341767,8217.499999999898,0.1262025190915402,12725.0,984,272.43340163934425,-251.47177419354858,8.351117886178763,22.428861788617887,3450.0,-6005.0
90,2.0,0.5,2,2.0,0.75,3,30,1.024529323075734,0.4860050890585242,0.5443578163541894,0.8524511788997797,0.2933425797503508,3172.5000000000437,0.10657272368939692,10815.0,1179,231.25218150087255,-213.4240924092408,2.690839694656521,16.842239185750635,4104.999999999927,-3205.0
90,2.0,0.5,2,2.0,0.65,5,30,1.0373668925459807,0.4847560975609756,0.18321767532620248,0.248846614284113,0.3974828375285855,4342.499999999796,0.10844748858447488,10925.0,984,252.73584905660357,-229.21597633136113,4.413109756097347,20.71239837398374,3425.0,-6005.0
90,2.0,0.5,2,3.0,0.65,3,30,1.0840655532452441,0.4899193548387097,1.2226612690365755,2.1450365595333265,1.6095890410959053,9400.000000000087,0.057919270058514334,5840.0,992,249.4187242798355,-220.9832015810276,9.475806451612986,20.864919354838708,3450.0,-2015.0
90,2.0,0.5,2,3.0,0.65,3,0,1.0761415845214735,0.49117647058823527,1.2020385363366528,2.1412671298266766,1.5254969749351897,8825.000000000073,0.05737379748090846,5785.0,1020,248.95708582834337,-223.31888246628122,8.651960784313797,20.488235294117647,3830.0,-2015.0
90,2.0,0.5,2,2.0,0.65,3,0,1.0140797628671514,0.482421875,0.2464052176337799,0.38962159876910635,0.20638578011849518,1567.499999999971,0.07534348494618323,7595.0,1024,228.53744939271243,-210.05660377358484,1.530761718749969,18.720703125,3425.0,-2810.0
90,2.0,0.5,2,3.0,0.65,5,0,1.0635542285470543,0.49703557312252966,0.6240427671126555,0.8679070750694187,0.6681614349775702,8194.999999999898,0.1216403848061093,12265.0,1012,272.6441351888668,-253.33005893909643,8.097826086956424,22.057312252964426,3830.0,-6005.0
90,2.0,0.5,2,3.0,0.75,5,0,1.032475241338373,0.49583333333333335,0.20536329988228036,0.2768679938772772,0.3239326893113074,5197.499999999927,0.157442841723089,16045.0,1200,277.71848739495795,-264.5371900826447,4.331249999999936,19.473333333333333,3830.0,-6005.0
90,2.0,0.5,2,2.0,0.65,5,0,1.0368210142038878,0.4871541501976285,0.13439466709916517,0.18361265015040432,0.4160739687055256,4387.499999999767,0.1046754020250149,10545.0,1012,250.598377281947,-229.59055876685954,4.3354743083001726,20.33300395256917,3425.0,-6005.0
90,2.0,0.5,2,2.0,0.75,3,0,0.9937105761627163,0.4867986798679868,0.03477629457906528,0.04985692499319239,-0.07946096654274416,-854.9999999999272,0.10603074497437918,10760.0,1212,228.96186440677965,-218.55707395498382,-0.7054455445543936,16.165016501650165,3375.0,-3205.0
90,2.0,0.5,3,4.0,0.75,5,0,1.2182029490811366,0.525,0.7749230310863032,1.1201516292245621,1.1716068642745732,7510.000000000015,0.06297588053249496,6410.0,160,499.13690476190476,-452.86184210526295,46.937500000000085,43.9375,3385.0,-4160.0
90,2.0,0.5,3,3.0,0.75,3,0,1.1949926602511836,0.5,1.5496881009123122,3.151446311816602,1.1429254302103307,5977.500000000029,0.051779614870550966,5230.0,160,457.9062500000001,-383.1874999999997,37.359375000000185,39.95,3385.0,-2020.0
90,2.0,0.5,3,2.0,0.65,3,0,1.1725957190232146,0.4732142857142857,1.1536878520800864,2.868646522869131,1.1683673469387814,2862.5000000000146,0.0244926522043387,2450.0,112,366.9339622641516,-281.10169491525454,25.558035714285875,51.964285714285715,3385.0,-915.0
90,2.0,0.5,2,3.0,0.75,5,30,1.0612744287556617,0.4944301628106255,0.5505952000338735,0.7751618953790074,0.5613450469554584,9264.99999999984,0.16195662839760572,16505.0,1167,278.1109185441939,-256.27966101694926,7.939160239931316,20.141388174807197,4179.999999999927,-6005.0
90,2.0,0.5,2,3.0,0.75,3,30,1.075861436950147,0.4919148936170213,1.108651507776098,1.8604933620856465,1.09150843881857,10347.500000000044,0.09366663373184468,9480.0,1175,253.88840830449817,-228.47571189279716,8.806382978723443,18.690212765957448,4104.999999999927,-2980.0
90,2.0,0.5,2,4.0,0.65,5,30,1.0835095730942705,0.49688796680497926,0.7294185166061327,1.0583956906703382,0.982386613826503,11154.999999999942,0.11205407805792668,11355.0,964,302.1555323590814,-275.417525773196,11.571576763485417,23.966804979253112,4685.0,-6005.0
90,2.0,0.5,2,4.0,0.75,3,30,1.0788640849384061,0.4943917169974116,0.9994774070280878,1.7219701133005982,1.1872438524590179,11587.500000000015,0.09634748272458045,9760.0,1159,276.64485165794054,-250.73378839590433,9.997842968075936,20.16479723899914,4685.0,-3425.0
90,2.0,0.5,3,2.0,0.65,3,30,1.1631228181529683,0.46153846153846156,1.0576767682069843,2.6210550075024504,1.0489795918367406,2570.0000000000146,0.0244926522043387,2450.0,104,381.7708333333341,-281.33928571428606,24.711538461538638,55.61538461538461,3385.0,-915.0
90,2.0,0.5,2,4.0,0.75,5,30,1.0988217944494116,0.4969485614646905,0.8359469499850918,1.26460976875556,1.0295848316443197,15747.499999999869,0.14730809977848405,15295.0,1147,307.19298245614016,-276.1741767764298,13.729293809938858,21.68352223190933,4685.0,-6005.0
90,2.0,0.5,2,4.0,0.65,3,0,1.056603403654616,0.495,0.6767126106342429,1.070538402816414,1.1754885993485438,7217.500000000058,0.05628896222955629,6140.0,1000,272.1767676767678,-252.49504950495046,7.217500000000063,22.084,5075.0,-4665.0
90,2.0,0.5,2,4.0,0.65,5,0,1.067676713408191,0.49898785425101216,0.3891337206628464,0.5370093988263023,0.8671408903166536,9447.499999999942,0.10751467903488429,10895.0,988,302.3225152129817,-282.0151515151516,9.562246963562702,23.71255060728745,5075.0,-6005.0
90,2.0,0.5,3,2.0,0.65,5,0,1.259093533487299,0.49107142857142855,1.2106294946223066,2.8200671389732843,1.563588850174221,4487.500000000015,0.028691392582225334,2870.0,112,396.5000000000007,-303.8596491228073,40.06696428571446,53.473214285714285,3385.0,-920.0
90,2.0,0.5,2,4.0,0.75,3,0,1.056823788691162,0.4966216216216216,0.5115728627882842,0.7791647687381767,0.8900051519835227,8637.500000000087,0.0958045409674235,9705.0,1184,273.2015306122449,-255.04194630872468,7.29518581081088,19.633445945945947,5075.0,-4665.0
90,2.0,0.5,3,2.0,0.75,3,30,1.0178024502297094,0.4605263157894737,1.139013293149976,2.17920378699888,0.10902696365768219,465.00000000001455,0.04221100554235946,4265.0,152,379.7857142857144,-318.5365853658536,3.059210526315879,39.44736842105263,3385.0,-2020.0
90,2.0,0.5,3,2.0,0.65,5,30,1.2228787878787888,0.4807692307692308,1.049801992873363,2.430385134315158,1.2813588850174267,3677.5000000000146,0.028691392582225334,2870.0,104,403.55000000000064,-305.5555555555558,35.360576923077076,56.89423076923077,3385.0,-920.0
90,2.0,0.5,3,4.0,0.75,3,0,1.1743683632369097,0.525,0.6578436786682403,0.945695154157082,0.9814509480626545,5952.5,0.05958638306233728,6065.0,160,477.2619047619046,-449.17763157894717,37.20312500000003,42.3,3385.0,-4160.0
90,2.0,0.5,2,4.0,0.75,5,0,1.08134356714036,0.4991467576791809,0.4454818880835831,0.6289517065256165,0.9019211324570233,13379.999999999942,0.1428777809881537,14835.0,1172,304.04700854700843,-280.217206132879,11.416382252559677,21.151877133105803,5075.0,-6005.0
90,2.0,0.5,3,3.0,0.75,5,0,1.20911116232619,0.5,1.479914638779667,2.6812474225527057,1.1360601001669521,6805.000000000044,0.05930399485174001,5990.0,160,491.8437500000003,-406.7812499999998,42.53125000000024,41.8625,3385.0,-2540.0
90,2.5,0.3,2,3.0,0.65,5,0,1.0138246078018895,0.5373134328358209,0.6991067697407272,0.9854071512735022,0.059895833333343945,575.0000000001019,0.09583707696915245,9600.0,268,292.82986111111154,-335.423387096774,2.1455223880600665,28.574626865671643,3755.0,-2570.0
90,2.0,0.5,3,2.0,0.75,5,0,1.0808183278383643,0.475,1.072906048407385,1.8263464590104541,0.45917387127762327,2390.000000000029,0.05151425178147268,5205.0,160,420.559210526316,-352.0535714285713,14.93750000000017,39.08125,3385.0,-2540.0
90,2.5,0.3,2,3.0,0.75,5,30,1.0877976190476215,0.5205882352941177,0.6317119722625661,0.8839123967334406,0.4450730787364561,4720.000000000116,0.10587002096436059,10605.0,340,330.39548022598893,-329.8159509202449,13.882352941176832,36.279411764705884,3755.0,-4535.0
90,2.0,0.5,3,2.0,0.75,5,30,1.054951743326668,0.46710526315789475,0.9466003482228965,1.6054994727180205,0.3035542747358365,1580.000000000029,0.05151425178147268,5205.0,152,427.21830985915506,-354.969135802469,10.394736842105413,40.66447368421053,3385.0,-2540.0
90,2.0,0.5,3,4.0,0.65,3,0,1.17267676217453,0.5446428571428571,0.3171336560991205,0.43278924453826634,0.9525240384615454,3962.500000000029,0.04020683322862804,4160.0,112,441.14754098360703,-449.9509803921569,35.379464285714526,56.964285714285715,3385.0,-4160.0
90,2.0,0.5,3,3.0,0.65,3,30,1.2507888599259165,0.5,1.1214509746234884,2.468518010287659,1.3246376811594245,4570.000000000015,0.034489653104068776,3450.0,104,438.3173076923083,-350.4326923076926,43.942307692307885,57.57692307692308,3385.0,-1550.0
90,2.0,0.5,3,4.0,0.65,5,0,1.248809523809525,0.5446428571428571,0.47843529392213274,0.6605557765516132,1.381610576923084,5747.500000000029,0.039942390782525206,4160.0,112,472.9098360655743,-452.9411764705883,51.31696428571455,58.589285714285715,3385.0,-4160.0
90,2.0,0.5,3,3.0,0.65,3,0,1.2148821218074668,0.5089285714285714,1.2840552400168872,2.8633034602707705,1.268115942028994,4375.000000000029,0.034489653104068776,3450.0,112,433.9473684210534,-370.18181818181847,39.06250000000026,54.035714285714285,3385.0,-1550.0
90,2.0,0.5,3,3.0,0.75,3,30,1.216446041904095,0.4934210526315789,1.4179078123114708,2.8600398476590145,1.180210325047804,6172.500000000015,0.051779614870550966,5230.0,152,462.53333333333336,-370.35714285714255,40.60855263157908,41.63157894736842,3385.0,-2020.0
90,2.0,0.5,3,3.0,0.65,5,0,1.3240842156504826,0.5178571428571429,1.5280406064863488,3.3989531187251747,1.804200542005432,6657.500000000044,0.036888933320004,3690.0,112,468.9655172413802,-380.4166666666668,59.441964285714654,56.482142857142854,3385.0,-1550.0
90,2.0,0.5,3,3.0,0.65,5,30,1.3417825020441554,0.5096153846153846,1.296261205340615,2.8382341010501304,1.6991869918699265,6270.000000000029,0.036888933320004,3690.0,104,464.4339622641517,-359.70588235294133,60.288461538461846,59.78846153846154,3385.0,-1550.0
90,2.0,0.5,3,4.0,0.65,5,30,1.408279220779222,0.5384615384615384,1.3122780130266114,2.666218146936955,1.9496124031007827,7545.000000000029,0.03848066023665109,3870.0,104,464.73214285714346,-385.00000000000017,72.54807692307716,61.63461538461539,3385.0,-1970.0
90,2.0,0.5,3,4.0,0.65,3,30,1.3449354180829378,0.5384615384615384,1.2050761574277624,2.4374570515283835,1.7816011235955138,6342.500000000029,0.035398230088495575,3560.0,104,441.6071428571434,-383.0729166666668,60.98557692307714,60.30769230769231,3385.0,-1970.0
90,2.0,0.5,3,4.0,0.75,3,30,1.281717521764855,0.5197368421052632,1.3915975283122481,2.5843151699565867,1.373866446826051,8332.5,0.05958638306233728,6065.0,152,479.8734177215188,-405.17123287671217,54.81907894736842,43.81578947368421,3385.0,-2505.0
90,2.5,0.3,2,4.0,0.65,5,0,0.9328234287727093,0.5423076923076923,-0.39033378198016916,-0.4967657241532452,-0.28586723768735495,-3337.499999999869,0.11592691887598054,11675.0,260,328.687943262412,-417.49999999999966,-12.836538461537971,31.092307692307692,4685.0,-4665.0
90,2.0,0.5,3,4.0,0.75,5,30,1.3123584193304811,0.5197368421052632,1.4565376261330902,2.698510410806198,1.452028081123247,9307.500000000015,0.06297588053249496,6410.0,152,495.0,-408.1849315068492,61.23355263157901,45.25,3385.0,-2540.0
90,2.5,0.3,2,2.0,0.65,3,30,0.8830991679170638,0.4626865671641791,-0.2121599928466225,-0.2978222960708414,-0.4632432432432464,-4285.000000000029,0.0925,9250.0,268,261.0483870967739,-254.54861111111106,-15.988805970149349,24.529850746268657,3325.0,-2020.0
90,2.5,0.3,2,3.0,0.65,3,0,1.0421323057161236,0.5373134328358209,0.7829374451729979,1.1588820220368372,0.1862578080636118,1640.0000000001019,0.08790056903264451,8805.0,268,281.7013888888893,-313.9112903225802,6.119402985075017,28.291044776119403,3755.0,-2570.0
90,2.5,0.3,2,2.0,0.65,3,0,0.8902948082441944,0.4632352941176471,-0.06446895123386609,-0.091003499205968,-0.4545945945945977,-4205.000000000029,0.0925,9250.0,272,270.83333333333303,-262.5342465753424,-15.45955882352952,24.28676470588235,3325.0,-2020.0
90,2.5,0.3,2,4.0,0.65,5,30,0.9804171046080682,0.54296875,0.07002973408138544,0.09987784938040907,-0.0758029978586624,-884.9999999998836,0.11592691887598054,11675.0,256,318.758992805756,-386.26068376068343,-3.4570312499995204,31.21875,4685.0,-2985.0
90,2.5,0.3,2,4.0,0.75,3,30,1.0897092008345073,0.5240963855421686,0.3064204014944067,0.4368453208062095,0.38350928285403424,5267.50000000016,0.13638169000099296,13735.0,332,367.72988505747173,-371.62974683544246,15.86596385542218,38.53313253012048,4685.0,-5140.0
90,2.5,0.3,2,2.0,0.65,5,30,0.9549276361130247,0.4810606060606061,0.15332905646786582,0.21572453340898326,-0.19055944055944396,-1635.000000000029,0.0858,8580.0,264,272.75590551181097,-264.7810218978104,-6.1931818181819125,25.806818181818183,3355.0,-2565.0
90,2.5,0.3,2,2.0,0.65,5,0,0.9590250329380757,0.48134328358208955,0.2963611728738477,0.4190457255986916,-0.18123543123543462,-1555.000000000029,0.0858,8580.0,268,282.1317829457364,-273.0215827338131,-5.802238805970259,25.541044776119403,3355.0,-2565.0
90,2.5,0.3,2,2.0,0.75,3,30,0.9437466161342714,0.4680232558139535,-0.13380651281345568,-0.19262582585763624,-0.27043206663196556,-2597.500000000029,0.09605,9605.0,344,270.66770186335384,-252.32240437158467,-7.550872093023329,32.718023255813954,3325.0,-2160.0
90,2.5,0.3,2,4.0,0.65,3,30,0.9718030182684694,0.5390625,-0.10647514499537523,-0.15023088447704183,-0.1024742268041153,-1242.4999999998981,0.12039519412173567,12125.0,256,310.30797101449326,-373.43220338983025,-4.853515624999591,31.03125,4685.0,-2985.0
90,2.5,0.3,2,2.0,0.75,5,0,1.0081109497822054,0.4827586206896552,0.3133781370630573,0.4638334346292017,0.04525139664804144,404.9999999999709,0.0895,8950.0,348,299.6279761904759,-277.4027777777777,1.163793103448204,33.39655172413793,3355.0,-2540.0
90,2.5,0.3,2,2.0,0.75,3,0,0.9377321502269907,0.4659090909090909,-0.048944074940989714,-0.07067676576981369,-0.31415929203540127,-3017.500000000029,0.09605,9605.0,352,277.08841463414615,-257.7659574468085,-8.572443181818253,32.17897727272727,3325.0,-2160.0
90,2.5,0.3,3,4.0,0.65,5,0,0.9229576008273036,0.6875,-0.7327135233977037,-0.7429847325449963,-0.08954326923076573,-372.49999999998545,0.04123915737298637,4160.0,16,405.6818181818186,-966.9999999999982,-23.281249999999147,13.75,540.0,-4160.0
90,2.5,0.3,2,2.0,0.75,5,30,1.0173146544939393,0.4852941176470588,0.23331485328152976,0.3443781452041325,0.09217877094971742,824.9999999999709,0.0895,8950.0,340,293.772727272727,-272.2714285714285,2.4264705882352207,33.970588235294116,3355.0,-2540.0
90,2.5,0.3,2,3.0,0.65,5,30,1.021315623023405,0.5378787878787878,0.5760482178422741,0.809172290157912,0.08776041666667576,842.5000000000873,0.09583707696915245,9600.0,264,284.27816901408494,-323.97540983606535,3.1912878787882146,28.825757575757574,3755.0,-2570.0
90,2.5,0.3,2,3.0,0.75,3,30,1.1229162482426216,0.5176470588235295,0.7430227955633182,1.0700632076699053,0.6238532110091862,6120.000000000116,0.09793351302785265,9810.0,340,317.6704545454548,-303.59756097560927,18.00000000000035,35.97352941176471,3755.0,-4535.0
90,2.5,0.3,2,3.0,0.65,3,30,1.0517533744828083,0.5378787878787878,0.6510631186336464,0.95934090646902,0.21663827370813196,1907.5000000001019,0.08790056903264451,8805.0,264,272.99295774647925,-302.1106557377045,7.2253787878791496,28.53787878787879,3755.0,-2570.0
90,2.5,0.3,2,3.0,0.75,5,0,1.0700332225913647,0.5172413793103449,0.6922301257239539,0.9698733038536272,0.37270155586988507,3952.500000000131,0.10587002096436059,10605.0,348,335.5000000000003,-335.9374999999995,11.357758620690047,35.69827586206897,3755.0,-4535.0
90,2.5,0.3,2,3.0,0.75,3,0,1.1020155334254567,0.514367816091954,0.806175231387751,1.1627691459147949,0.5456167176350796,5352.500000000131,0.09793351302785265,9810.0,348,323.0167597765366,-310.4585798816563,15.380747126437168,35.39942528735632,3755.0,-4535.0
90,2.5,0.5,2,2.0,0.65,5,0,0.999721932568648,0.48134328358208955,0.40909953911815483,0.5835947448358297,-0.0011655011655011655,-10.0,0.0858,8580.0,268,278.70155038759697,-258.7230215827338,-0.03731343283579544,25.167910447761194,3355.0,-2565.0
90,2.5,0.3,3,2.0,0.65,3,30,0.6221294363256852,0.25,-0.12172622897828382,-0.18930611886745577,-2.207317073170732,-452.5,0.00205,205.0,12,248.3333333333379,-133.05555555555657,-37.70833333333295,5.666666666666667,285.0,-205.0
90,2.5,0.5,2,3.0,0.75,5,0,1.1275612602100373,0.5172413793103449,0.974405462220913,1.3974351248133752,0.7120896300156453,6832.500000000116,0.09578716182489767,9595.0,348,335.527777777778,-318.8244047619043,19.633620689655512,34.82183908045977,3755.0,-4535.0
90,2.5,0.3,3,3.0,0.75,3,30,1.182735816219984,0.5,0.09068187381989712,0.14085633150612226,0.5177514792899524,1312.500000000029,0.02535,2535.0,28,606.785714285714,-513.0357142857121,46.87500000000097,6.285714285714286,2500.0,-2020.0
90,2.5,0.5,2,4.0,0.65,5,30,1.1148657330078415,0.5390625,0.74339746468616,1.1249621036694464,0.4796137339055966,4470.00000000016,0.09254294508986198,9320.0,256,314.38405797101547,-329.78813559322015,17.460937500000604,28.734375,4685.0,-2985.0
90,2.5,0.3,3,4.0,0.75,5,0,1.028065893837708,0.59375,-0.5519135958238619,-0.65230110826787,0.048832271762212186,345.0000000000291,0.07027053908891984,7065.0,32,665.1315789473683,-945.5769230769209,10.781250000000782,10.125,3010.0,-4160.0
90,2.5,0.3,3,2.0,0.65,5,0,0.8703220191470848,0.3125,0.8756549714981859,3.3864761264067087,-1.8170731707317074,-372.5,0.00205,205.0,16,500.0000000000018,-261.1363636363645,-23.28125,6.25,850.0,-205.0
90,2.5,0.3,3,2.0,0.75,3,30,0.6118158753171445,0.39285714285714285,-0.7425416702367883,-0.8043508930303639,-1.0298076923076922,-2677.5,0.026,2600.0,28,383.636363636364,-405.7352941176471,-95.62499999999984,4.285714285714286,815.0,-2020.0
90,2.5,0.3,2,4.0,0.65,3,0,0.923900731129649,0.5384615384615384,-0.5478048740656202,-0.6910920880911618,-0.3047422680412275,-3694.9999999998836,0.12039519412173567,12125.0,260,320.42857142857196,-404.6249999999997,-14.211538461538042,30.907692307692308,4685.0,-4665.0
90,2.5,0.3,2,4.0,0.75,3,0,1.0360402710855199,0.5205882352941177,-0.1377474884941738,-0.18021242463762752,0.16745540589735528,2300.0000000001746,0.13638169000099296,13735.0,340,373.5451977401134,-391.5184049079749,6.764705882353436,38.03823529411765,4685.0,-5140.0
90,2.5,0.5,2,4.0,0.75,3,30,1.248053915678391,0.5208333333333334,1.0630230624075532,1.8879524858201344,1.4258258258258485,11870.00000000019,0.08266309204647006,8325.0,336,341.2714285714292,-297.2204968944095,35.3273809523815,35.55952380952381,4685.0,-3055.0
90,2.5,0.3,2,4.0,0.75,5,30,1.083240752170517,0.5271084337349398,0.38679875970466154,0.5525288726956478,0.380692510350032,5057.500000000175,0.13191341475523782,13285.0,332,376.0857142857148,-386.99044585987207,15.233433734940279,38.70180722891566,4685.0,-5140.0
90,2.5,0.5,2,4.0,0.65,3,0,1.0571925978464158,0.5227272727272727,0.1279229188840111,0.17388953093772008,0.33023082650784213,2217.50000000016,0.06667659616721279,6715.0,264,297.02898550724746,-307.71825396825386,8.399621212121815,27.257575757575758,4685.0,-4665.0
90,2.5,0.3,2,4.0,0.75,5,0,1.0317351858178672,0.5235294117647059,-0.060660946825535966,-0.07959322237217724,0.15732028603689685,2090.0000000001746,0.13191341475523782,13285.0,340,381.72752808988815,-406.52777777777715,6.1470588235299335,38.20294117647059,4685.0,-5140.0
90,2.5,0.3,3,2.0,0.75,5,30,0.7060889929742412,0.39285714285714285,-0.4888876334106954,-0.5803227933877619,-0.7640791476407827,-2509.999999999971,0.03285,3285.0,28,548.1818181818188,-502.3529411764695,-89.64285714285624,5.0,1655.0,-2540.0
90,2.5,0.3,3,2.0,0.65,5,30,0.6221294363256852,0.25,-0.12172622897828382,-0.18930611886745577,-2.207317073170732,-452.5,0.00205,205.0,12,248.3333333333379,-133.05555555555657,-37.70833333333295,5.666666666666667,285.0,-205.0
90,2.5,0.3,3,3.0,0.65,3,30,1.5812356979405076,0.5,0.7698937096087308,1.725537526999926,2.6458333333333335,635.0,0.0024,240.0,12,287.9166666666674,-182.08333333333334,52.91666666666705,8.0,425.0,-240.0
90,2.5,0.5,3,2.0,0.65,3,30,0.6221294363256852,0.25,-0.12172622897828382,-0.18930611886745577,-2.207317073170732,-452.5,0.00205,205.0,12,248.3333333333379,-133.05555555555657,-37.70833333333295,5.666666666666667,285.0,-205.0
90,2.5,0.3,3,2.0,0.75,3,0,0.6969962088072325,0.40625,-0.34232692477142235,-0.3961728279104778,-1.1674157303370787,-2597.5,0.02225,2225.0,32,459.61538461538464,-451.1842105263158,-81.171875,4.75,850.0,-2020.0
90,2.5,0.3,3,2.0,0.65,3,0,0.8703220191470848,0.3125,0.8756549714981859,3.3864761264067087,-1.8170731707317074,-372.5,0.00205,205.0,16,500.0000000000018,-261.1363636363645,-23.28125,6.25,850.0,-205.0
90,2.5,0.3,3,3.0,0.75,5,30,1.0253987005316045,0.5,-0.06037396339190137,-0.08399438852928873,0.07037643207856926,215.0000000000291,0.03055,3055.0,28,619.9999999999999,-604.6428571428548,7.678571428572484,6.571428571428571,2500.0,-2540.0
90,2.5,0.3,3,3.0,0.65,3,0,1.1162974683544347,0.5,1.2678608579322803,5.239742002719287,1.5312500000000606,367.50000000001455,0.0024,240.0,16,440.9375000000017,-395.0,22.968750000000853,9.0,835.0,-240.0
90,2.5,0.3,3,3.0,0.65,5,0,1.1162974683544347,0.5,1.2678608579322803,5.239742002719287,1.5312500000000606,367.50000000001455,0.0024,240.0,16,440.9375000000017,-395.0,22.968750000000853,9.0,835.0,-240.0
90,2.5,0.3,3,3.0,0.65,5,30,1.5812356979405076,0.5,0.7698937096087308,1.725537526999926,2.6458333333333335,635.0,0.0024,240.0,12,287.9166666666674,-182.08333333333334,52.91666666666705,8.0,425.0,-240.0
90,2.5,0.3,3,2.0,0.75,5,0,0.7621145374449354,0.40625,-0.20790860613259732,-0.25580017866434246,-0.8852459016393389,-2429.9999999999854,0.02745,2745.0,32,598.846153846154,-537.6315789473674,-75.93749999999936,5.375,1655.0,-2540.0
90,2.5,0.3,3,3.0,0.75,3,0,1.1129729729729774,0.5,0.3328741126352489,0.5329064541981625,0.4623893805309863,1045.000000000029,0.0226,2260.0,32,643.4375000000002,-578.124999999998,32.65625000000114,7.0,2500.0,-2020.0
90,2.5,0.3,3,4.0,0.65,5,30,7.028985507246483,0.75,1.6537656542238102,0.0,0.0,2080.0000000000146,0.0,0.0,12,269.44444444444497,-114.99999999999848,173.33333333333408,10.666666666666666,540.0,0.0
90,2.5,0.3,3,4.0,0.65,3,30,7.028985507246483,0.75,1.6537656542238102,0.0,0.0,2080.0000000000146,0.0,0.0,12,269.44444444444497,-114.99999999999848,173.33333333333408,10.666666666666666,540.0,0.0
90,2.5,0.5,2,3.0,0.65,3,30,1.1656790893497617,0.5149253731343284,1.112796163752835,1.9449036087772282,0.9303852889667429,5312.500000000102,0.05700309473894379,5710.0,268,270.8514492753628,-246.65384615384593,19.82276119403023,25.96268656716418,3755.0,-2020.0
90,2.5,0.3,3,4.0,0.75,3,0,1.04676555418212,0.59375,-0.5472659978116166,-0.6474835811021421,0.08072546230441381,567.5000000000291,0.06992241893773622,7030.0,32,668.5526315789472,-933.4615384615364,17.73437500000071,10.0,3010.0,-4160.0
90,2.5,0.3,3,3.0,0.75,5,0,0.9950154284357977,0.5,0.16458174640501191,0.23480249520687532,-0.018884892086315233,-52.499999999956344,0.0278,2780.0,32,655.0000000000005,-658.281249999998,-1.640624999998792,7.25,2500.0,-2540.0
90,2.5,0.3,3,4.0,0.75,3,30,1.3950294310006577,0.6071428571428571,0.2535184929996358,0.39416960584677535,1.0522648083623745,3020.0000000000146,0.0285458523970559,2870.0,28,627.3529411764704,-694.999999999998,107.8571428571435,8.142857142857142,3010.0,-2505.0
90,2.5,0.5,2,3.0,0.75,3,30,1.2420137713060195,0.5116279069767442,1.3550541673566934,2.4755782536433437,1.5964259121370241,10720.000000000116,0.06703603873415194,6715.0,344,312.5852272727275,-263.6607142857138,31.162790697674748,34.11046511627907,3755.0,-2450.0
90,2.5,0.5,2,2.0,0.65,3,30,0.9317266134349139,0.4664179104477612,-0.02569794777397041,-0.03669994536289657,-0.2616507580011197,-2329.999999999971,0.08905,8905.0,268,254.38000000000002,-238.653846153846,-8.694029850746176,23.79850746268657,3325.0,-2020.0
90,2.5,0.5,2,3.0,0.75,5,30,1.1493563918640095,0.5205882352941177,0.9115710325122458,1.3048521146850753,0.7920792079208027,7600.000000000102,0.09578716182489767,9595.0,340,330.4237288135595,-312.17791411042896,22.352941176470896,35.38235294117647,3755.0,-4535.0
90,2.5,0.5,2,4.0,0.75,5,0,1.139051609868734,0.5294117647058824,0.38970413038783486,0.5215277755258726,0.7438243366880319,8130.000000000189,0.10852944096911925,10930.0,340,369.98611111111165,-365.42187499999943,23.911764705882902,36.54117647058823,4685.0,-5140.0
90,2.5,0.5,2,2.0,0.65,3,0,0.9371552265903225,0.46691176470588236,0.12521240257621113,0.1798837209966036,-0.25266704098820725,-2249.9999999999854,0.08905,8905.0,272,264.1929133858268,-246.9137931034481,-8.272058823529337,23.566176470588236,3325.0,-2020.0
90,2.5,0.5,2,4.0,0.65,3,30,1.1362211040618435,0.5230769230769231,0.7814745127231193,1.3715536265045998,0.6954579300074698,4670.00000000016,0.06667659616721279,6715.0,260,286.41544117647163,-276.47177419354836,17.961538461539057,27.323076923076922,4685.0,-2505.0
90,2.5,0.3,3,4.0,0.65,3,0,0.9229576008273036,0.6875,-0.7327135233977037,-0.7429847325449963,-0.08954326923076573,-372.49999999998545,0.04123915737298637,4160.0,16,405.6818181818186,-966.9999999999982,-23.281249999999147,13.75,540.0,-4160.0
90,2.5,0.5,2,3.0,0.65,5,30,1.079800162030788,0.5265151515151515,0.8667284801802695,1.2537916458526215,0.34400465657742574,2955.0000000000873,0.08575421782968953,8590.0,264,287.6618705035976,-296.2399999999999,11.193181818182136,27.310606060606062,3755.0,-2570.0
90,2.5,0.5,2,4.0,0.65,5,0,1.0464808201820102,0.5384615384615384,0.16804052415261456,0.2195929695254268,0.21646995708156225,2017.50000000016,0.09254294508986198,9320.0,260,324.4464285714295,-361.70833333333314,7.759615384615997,28.646153846153847,4685.0,-4665.0
90,2.5,0.5,2,2.0,0.65,5,30,0.9973751367116298,0.4810606060606061,0.2642511492785854,0.3750240642527535,-0.010489510489508793,-89.99999999998545,0.0858,8580.0,264,269.27165354330714,-250.27372262773721,-0.34090909090904786,25.428030303030305,3355.0,-2565.0
90,2.5,0.3,3,4.0,0.75,5,30,1.3585389298301864,0.6071428571428571,0.2434582503901755,0.37570595368160997,0.9629948364888175,2797.5000000000146,0.028893972548239506,2905.0,28,623.5294117647057,-709.3181818181797,99.91071428571502,8.285714285714286,3010.0,-2540.0
90,2.5,0.5,2,4.0,0.75,5,30,1.207944910291848,0.5331325301204819,0.9023663187077082,1.3345547350014864,1.0153247941445722,11097.500000000175,0.10852944096911925,10930.0,332,364.20903954802316,-344.30645161290266,33.42620481927766,37.0,4685.0,-5140.0
90,2.5,0.5,2,3.0,0.65,5,0,1.0687384103842978,0.5261194029850746,0.9931215784652286,1.4420629895771557,0.31286379511060386,2687.5000000000873,0.08575421782968953,8590.0,268,296.347517730497,-307.8543307086613,10.027985074627214,27.082089552238806,3755.0,-2570.0
90,2.5,0.5,2,2.0,0.75,3,30,0.9803085553997202,0.47674418604651164,0.15504386853340135,0.23007989278385077,-0.09476241900647633,-877.4999999999709,0.0926,9260.0,344,266.3719512195122,-247.5694444444443,-2.550872093023183,32.133720930232556,3325.0,-2020.0
90,2.5,0.5,2,2.0,0.75,3,0,0.9723037515342339,0.4744318181818182,0.24245539076590464,0.3614752097832072,-0.14011879049675713,-1297.499999999971,0.0926,9260.0,352,272.754491017964,-253.22972972972957,-3.6860795454544744,31.607954545454547,3325.0,-2020.0
90,2.5,0.5,2,2.0,0.75,5,30,1.0364091902553445,0.48823529411764705,0.3075447422943332,0.4549749952445885,0.19078212290502955,1707.5000000000146,0.0895,8950.0,340,292.80120481927696,-269.5258620689653,5.022058823529445,33.70882352941177,3355.0,-2540.0
90,2.5,0.5,3,2.0,0.75,5,30,0.7060889929742412,0.39285714285714285,-0.4888876334106954,-0.5803227933877619,-0.7640791476407827,-2509.999999999971,0.03285,3285.0,28,548.1818181818188,-502.3529411764695,-89.64285714285624,5.0,1655.0,-2540.0
90,2.5,0.5,2,3.0,0.75,3,0,1.2118792910745682,0.5085227272727273,1.4320281225044382,2.6320283299382097,1.482129560685053,9952.500000000131,0.06703603873415194,6715.0,352,318.01675977653656,-271.51734104046193,28.27414772727309,33.58522727272727,3755.0,-2450.0
90,2.5,0.5,2,3.0,0.65,3,0,1.1478063429282974,0.5147058823529411,1.262670833336891,2.2266696740074865,0.8835376532399504,5045.000000000116,0.05700309473894379,5710.0,272,279.8392857142863,-258.5795454545452,18.547794117647467,25.75735294117647,3755.0,-2020.0
90,2.5,0.5,3,2.0,0.75,3,0,0.6969962088072325,0.40625,-0.34232692477142235,-0.3961728279104778,-1.1674157303370787,-2597.5,0.02225,2225.0,32,459.61538461538464,-451.1842105263158,-81.171875,4.75,850.0,-2020.0
90,2.5,0.5,2,2.0,0.75,5,0,1.0261780104712044,0.48563218390804597,0.3885085757547802,0.576975649461746,0.1438547486033536,1287.5000000000146,0.0895,8950.0,348,298.63905325443767,-274.76256983240205,3.6997126436781937,33.14080459770115,3355.0,-2540.0
90,2.5,0.5,3,2.0,0.65,3,0,0.8703220191470848,0.3125,0.8756549714981859,3.3864761264067087,-1.8170731707317074,-372.5,0.00205,205.0,16,500.0000000000018,-261.1363636363645,-23.28125,6.25,850.0,-205.0
90,2.5,0.5,3,2.0,0.65,5,0,0.8703220191470848,0.3125,0.8756549714981859,3.3864761264067087,-1.8170731707317074,-372.5,0.00205,205.0,16,500.0000000000018,-261.1363636363645,-23.28125,6.25,850.0,-205.0
90,2.5,0.5,2,4.0,0.75,3,0,1.1681223738256024,0.5174418604651163,0.45613492905591807,0.6606541495242495,1.0693693693693922,8902.50000000019,0.08266309204647006,8325.0,344,347.5000000000007,-318.9909638554212,25.879360465116836,35.13953488372093,4685.0,-4665.0
90,2.5,0.5,3,2.0,0.65,5,30,0.6221294363256852,0.25,-0.12172622897828382,-0.18930611886745577,-2.207317073170732,-452.5,0.00205,205.0,12,248.3333333333379,-133.05555555555657,-37.70833333333295,5.666666666666667,285.0,-205.0
90,2.5,0.5,3,3.0,0.65,3,30,1.5812356979405076,0.5,0.7698937096087308,1.725537526999926,2.6458333333333335,635.0,0.0024,240.0,12,287.9166666666674,-182.08333333333334,52.91666666666705,8.0,425.0,-240.0
90,2.5,0.5,3,2.0,0.75,3,30,0.6118158753171445,0.39285714285714285,-0.7425416702367883,-0.8043508930303639,-1.0298076923076922,-2677.5,0.026,2600.0,28,383.636363636364,-405.7352941176471,-95.62499999999984,4.285714285714286,815.0,-2020.0
90,2.5,0.5,3,4.0,0.65,5,0,0.9229576008273036,0.6875,-0.7327135233977037,-0.7429847325449963,-0.08954326923076573,-372.49999999998545,0.04123915737298637,4160.0,16,405.6818181818186,-966.9999999999982,-23.281249999999147,13.75,540.0,-4160.0
90,2.5,0.5,3,3.0,0.75,5,30,1.0253987005316045,0.5,-0.06037396339190137,-0.08399438852928873,0.07037643207856926,215.0000000000291,0.03055,3055.0,28,619.9999999999999,-604.6428571428548,7.678571428572484,6.571428571428571,2500.0,-2540.0
90,2.5,0.5,3,4.0,0.75,5,0,1.028065893837708,0.59375,-0.5519135958238619,-0.65230110826787,0.048832271762212186,345.0000000000291,0.07027053908891984,7065.0,32,665.1315789473683,-945.5769230769209,10.781250000000782,10.125,3010.0,-4160.0
90,2.5,0.5,3,4.0,0.75,5,30,1.3585389298301864,0.6071428571428571,0.2434582503901755,0.37570595368160997,0.9629948364888175,2797.5000000000146,0.028893972548239506,2905.0,28,623.5294117647057,-709.3181818181797,99.91071428571502,8.285714285714286,3010.0,-2540.0
90,2.5,0.5,3,2.0,0.75,5,0,0.7621145374449354,0.40625,-0.20790860613259732,-0.25580017866434246,-0.8852459016393389,-2429.9999999999854,0.02745,2745.0,32,598.846153846154,-537.6315789473674,-75.93749999999936,5.375,1655.0,-2540.0
90,2.5,0.5,3,3.0,0.65,5,30,1.5812356979405076,0.5,0.7698937096087308,1.725537526999926,2.6458333333333335,635.0,0.0024,240.0,12,287.9166666666674,-182.08333333333334,52.91666666666705,8.0,425.0,-240.0
90,2.5,0.5,3,4.0,0.65,3,0,0.9229576008273036,0.6875,-0.7327135233977037,-0.7429847325449963,-0.08954326923076573,-372.49999999998545,0.04123915737298637,4160.0,16,405.6818181818186,-966.9999999999982,-23.281249999999147,13.75,540.0,-4160.0
90,2.5,0.5,3,3.0,0.65,5,0,1.1162974683544347,0.5,1.2678608579322803,5.239742002719287,1.5312500000000606,367.50000000001455,0.0024,240.0,16,440.9375000000017,-395.0,22.968750000000853,9.0,835.0,-240.0
90,2.5,0.5,3,3.0,0.75,3,30,1.182735816219984,0.5,0.09068187381989712,0.14085633150612226,0.5177514792899524,1312.500000000029,0.02535,2535.0,28,606.785714285714,-513.0357142857121,46.87500000000097,6.285714285714286,2500.0,-2020.0
90,2.5,0.5,3,3.0,0.65,3,0,1.1162974683544347,0.5,1.2678608579322803,5.239742002719287,1.5312500000000606,367.50000000001455,0.0024,240.0,16,440.9375000000017,-395.0,22.968750000000853,9.0,835.0,-240.0
90,2.5,0.5,3,3.0,0.75,5,0,0.9950154284357977,0.5,0.16458174640501191,0.23480249520687532,-0.018884892086315233,-52.499999999956344,0.0278,2780.0,32,655.0000000000005,-658.281249999998,-1.640624999998792,7.25,2500.0,-2540.0
90,2.5,0.5,3,4.0,0.65,5,30,7.028985507246483,0.75,1.6537656542238102,0.0,0.0,2080.0000000000146,0.0,0.0,12,269.44444444444497,-114.99999999999848,173.33333333333408,10.666666666666666,540.0,0.0
90,2.5,0.5,3,4.0,0.65,3,30,7.028985507246483,0.75,1.6537656542238102,0.0,0.0,2080.0000000000146,0.0,0.0,12,269.44444444444497,-114.99999999999848,173.33333333333408,10.666666666666666,540.0,0.0
90,2.5,0.5,3,4.0,0.75,3,0,1.04676555418212,0.59375,-0.5472659978116166,-0.6474835811021421,0.08072546230441381,567.5000000000291,0.06992241893773622,7030.0,32,668.5526315789472,-933.4615384615364,17.73437500000071,10.0,3010.0,-4160.0
90,2.5,0.5,3,3.0,0.75,3,0,1.1129729729729774,0.5,0.3328741126352489,0.5329064541981625,0.4623893805309863,1045.000000000029,0.0226,2260.0,32,643.4375000000002,-578.124999999998,32.65625000000114,7.0,2500.0,-2020.0
90,2.5,0.5,3,4.0,0.75,3,30,1.3950294310006577,0.6071428571428571,0.2535184929996358,0.39416960584677535,1.0522648083623745,3020.0000000000146,0.0285458523970559,2870.0,28,627.3529411764704,-694.999999999998,107.8571428571435,8.142857142857142,3010.0,-2505.0
